username,email,password,is_manager,img_url,banner_url,bio_msg
stanstan50,stanstan50@email.com,pass,TRUE,https://cdn.pixabay.com/photo/2024/02/21/08/44/woman-8587090_1280.png,https://cdn.pixabay.com/photo/2024/02/21/08/44/woman-8587090_1280.png,Stanley of the Zeng
picachuu,picachuu@email.com,Pass123_picachuu,TRUE,https://cdn.pixabay.com/photo/2023/10/06/06/54/fantasy-8297567_1280.png,https://cdn.pixabay.com/photo/2023/10/06/06/54/fantasy-8297567_1280.png,Jannica of the Lim
Niconicolo,Niconicolo@email.com,Pass123_Niconicolo,FALSE,https://cdn.pixabay.com/photo/2024/02/25/13/30/car-8595770_1280.jpg,https://cdn.pixabay.com/photo/2024/02/25/13/30/car-8595770_1280.jpg,Niccolo of the Jimenez
LVDelRose,LVDelRose@email.com,Pass123_LVDelRose,FALSE,https://cdn.pixabay.com/photo/2020/05/09/12/44/mature-5149518_1280.jpg,https://cdn.pixabay.com/photo/2020/05/09/12/44/mature-5149518_1280.jpg,Lance of the del Rosario
admin,admin@email.com,admin,TRUE,https://cdn.pixabay.com/photo/2015/10/05/22/37/blank-profile-picture-973460_1280.png,https://cdn.pixabay.com/photo/2022/03/17/11/17/bootleg-7074375_960_720.jpg,"Admin of the TechLite: ""I dunno but apdev kinda tuf innit"""
null,,,,,,
null,,,,,,
null,,,,,,
null,,,,,,
null,,,,,,
null,,,,,,
null,,,,,,
null,,,,,,
null,,,,,,
null,,,,,,
null,,,,,,
null,,,,,,
null,,,,,,
null,,,,,,
null,,,,,,
null,,,,,,
null,,,,,,
null,,,,,,
null,,,,,,
null,,,,,,
null,,,,,,
null,,,,,,
null,,,,,,
null,,,,,,
null,,,,,,
null,,,,,,
null,,,,,,
null,,,,,,
null,,,,,,
null,,,,,,
null,,,,,,
null,,,,,,
null,,,,,,
null,,,,,,
null,,,,,,
null,,,,,,
null,,,,,,
null,,,,,,
null,,,,,,