seats,time_start,time_end,assigned_to,email,taken,month,day,year
1,0,30,stanstan50,stanstan50@email.com,TRUE,3,9,2024
1,30,100,picachuu,picachuu@email.com,TRUE,3,9,2024
1,100,130,admin,admin@email.com,TRUE,3,9,2024
1,130,200,picachuu,picachuu@email.com,TRUE,3,9,2024
1,200,230,admin,admin@email.com,TRUE,3,9,2024
1,230,300,stanstan50,stanstan50@email.com,TRUE,3,9,2024
1,300,330,picachuu,picachuu@email.com,TRUE,3,9,2024
1,330,400,admin,admin@email.com,TRUE,3,9,2024
1,400,430,stanstan50,stanstan50@email.com,TRUE,3,9,2024
1,430,500,picachuu,picachuu@email.com,TRUE,3,9,2024
1,500,530,stanstan50,stanstan50@email.com,TRUE,3,9,2024
1,530,600,stanstan50,stanstan50@email.com,TRUE,3,9,2024
1,600,630,picachuu,picachuu@email.com,TRUE,3,9,2024
1,630,700,stanstan50,stanstan50@email.com,TRUE,3,9,2024
1,700,730,picachuu,picachuu@email.com,TRUE,3,9,2024
1,730,800,admin,admin@email.com,TRUE,3,9,2024
1,800,830,picachuu,picachuu@email.com,TRUE,3,9,2024
1,830,900,admin,admin@email.com,TRUE,3,9,2024
1,900,930,stanstan50,stanstan50@email.com,TRUE,3,9,2024
1,930,1000,picachuu,picachuu@email.com,TRUE,3,9,2024
1,1000,1030,admin,admin@email.com,TRUE,3,9,2024
1,1030,1100,picachuu,picachuu@email.com,TRUE,3,9,2024
1,1100,1130,admin,admin@email.com,TRUE,3,9,2024
1,1130,1200,stanstan50,stanstan50@email.com,TRUE,3,9,2024
1,1200,1230,picachuu,picachuu@email.com,TRUE,3,9,2024
1,1230,1300,stanstan50,stanstan50@email.com,TRUE,3,9,2024
1,1300,1330,picachuu,picachuu@email.com,TRUE,3,9,2024
1,1330,1400,admin,admin@email.com,TRUE,3,9,2024
1,1400,1430,picachuu,picachuu@email.com,TRUE,3,9,2024
1,1430,1500,admin,admin@email.com,TRUE,3,9,2024
1,1500,1530,stanstan50,stanstan50@email.com,TRUE,3,9,2024
1,1530,1600,picachuu,picachuu@email.com,TRUE,3,9,2024
1,1600,1630,admin,admin@email.com,TRUE,3,9,2024
1,1630,1700,picachuu,picachuu@email.com,TRUE,3,9,2024
1,1700,1730,admin,admin@email.com,TRUE,3,9,2024
1,1730,1800,stanstan50,stanstan50@email.com,TRUE,3,9,2024
1,1800,1830,picachuu,picachuu@email.com,TRUE,3,9,2024
1,1830,1900,stanstan50,stanstan50@email.com,TRUE,3,9,2024
1,1900,1930,picachuu,picachuu@email.com,TRUE,3,9,2024
1,1930,2000,admin,admin@email.com,TRUE,3,9,2024
1,2000,2030,picachuu,picachuu@email.com,TRUE,3,9,2024
1,2030,2100,admin,admin@email.com,TRUE,3,9,2024
1,2100,2130,stanstan50,stanstan50@email.com,TRUE,3,9,2024
1,2130,2200,admin,admin@email.com,TRUE,3,9,2024
1,2200,2230,picachuu,picachuu@email.com,TRUE,3,9,2024
1,2230,2300,admin,admin@email.com,TRUE,3,9,2024
1,2300,2330,stanstan50,stanstan50@email.com,TRUE,3,9,2024
1,2330,0,picachuu,picachuu@email.com,TRUE,3,9,2024
2,0,30,null,null,FALSE,3,9,2024
2,30,100,stanstan50,stanstan50@email.com,TRUE,3,9,2024
2,100,130,picachuu,picachuu@email.com,TRUE,3,9,2024
2,130,200,null,null,FALSE,3,9,2024
2,200,230,null,null,FALSE,3,9,2024
2,230,300,null,null,FALSE,3,9,2024
2,300,330,picachuu,picachuu@email.com,TRUE,3,9,2024
2,330,400,admin,admin@email.com,TRUE,3,9,2024
2,400,430,null,null,FALSE,3,9,2024
2,430,500,null,null,FALSE,3,9,2024
2,500,530,null,null,FALSE,3,9,2024
2,530,600,null,null,FALSE,3,9,2024
2,600,630,null,null,FALSE,3,9,2024
2,630,700,null,null,FALSE,3,9,2024
2,700,730,picachuu,picachuu@email.com,TRUE,3,9,2024
2,730,800,stanstan50,stanstan50@email.com,TRUE,3,9,2024
2,800,830,null,null,FALSE,3,9,2024
2,830,900,null,null,FALSE,3,9,2024
2,900,930,null,null,FALSE,3,9,2024
2,930,1000,admin,admin@email.com,TRUE,3,9,2024
2,1000,1030,stanstan50,stanstan50@email.com,TRUE,3,9,2024
2,1030,1100,null,null,FALSE,3,9,2024
2,1100,1130,null,null,FALSE,3,9,2024
2,1130,1200,null,null,FALSE,3,9,2024
2,1200,1230,null,null,FALSE,3,9,2024
2,1230,1300,null,null,FALSE,3,9,2024
2,1300,1330,null,null,FALSE,3,9,2024
2,1330,1400,picachuu,picachuu@email.com,TRUE,3,9,2024
2,1400,1430,admin,admin@email.com,TRUE,3,9,2024
2,1430,1500,null,null,FALSE,3,9,2024
2,1500,1530,null,null,FALSE,3,9,2024
2,1530,1600,null,null,FALSE,3,9,2024
2,1600,1630,stanstan50,stanstan50@email.com,TRUE,3,9,2024
2,1630,1700,admin,admin@email.com,TRUE,3,9,2024
2,1700,1730,null,null,FALSE,3,9,2024
2,1730,1800,null,null,FALSE,3,9,2024
2,1800,1830,null,null,FALSE,3,9,2024
2,1830,1900,null,null,FALSE,3,9,2024
2,1900,1930,null,null,FALSE,3,9,2024
2,1930,2000,null,null,FALSE,3,9,2024
2,2000,2030,stanstan50,stanstan50@email.com,TRUE,3,9,2024
2,2030,2100,picachuu,picachuu@email.com,TRUE,3,9,2024
2,2100,2130,null,null,FALSE,3,9,2024
2,2130,2200,null,null,FALSE,3,9,2024
2,2200,2230,null,null,FALSE,3,9,2024
2,2230,2300,stanstan50,stanstan50@email.com,TRUE,3,9,2024
2,2300,2330,picachuu,picachuu@email.com,TRUE,3,9,2024
2,2330,0,null,null,FALSE,3,9,2024
3,0,30,null,null,FALSE,3,9,2024
3,30,100,stanstan50,stanstan50@email.com,TRUE,3,9,2024
3,100,130,picachuu,picachuu@email.com,TRUE,3,9,2024
3,130,200,null,null,FALSE,3,9,2024
3,200,230,null,null,FALSE,3,9,2024
3,230,300,null,null,FALSE,3,9,2024
3,300,330,picachuu,picachuu@email.com,TRUE,3,9,2024
3,330,400,admin,admin@email.com,TRUE,3,9,2024
3,400,430,null,null,FALSE,3,9,2024
3,430,500,null,null,FALSE,3,9,2024
3,500,530,null,null,FALSE,3,9,2024
3,530,600,null,null,FALSE,3,9,2024
3,600,630,null,null,FALSE,3,9,2024
3,630,700,null,null,FALSE,3,9,2024
3,700,730,picachuu,picachuu@email.com,TRUE,3,9,2024
3,730,800,stanstan50,stanstan50@email.com,TRUE,3,9,2024
3,800,830,null,null,FALSE,3,9,2024
3,830,900,null,null,FALSE,3,9,2024
3,900,930,null,null,FALSE,3,9,2024
3,930,1000,admin,admin@email.com,TRUE,3,9,2024
3,1000,1030,stanstan50,stanstan50@email.com,TRUE,3,9,2024
3,1030,1100,null,null,FALSE,3,9,2024
3,1100,1130,null,null,FALSE,3,9,2024
3,1130,1200,null,null,FALSE,3,9,2024
3,1200,1230,null,null,FALSE,3,9,2024
3,1230,1300,null,null,FALSE,3,9,2024
3,1300,1330,null,null,FALSE,3,9,2024
3,1330,1400,picachuu,picachuu@email.com,TRUE,3,9,2024
3,1400,1430,admin,admin@email.com,TRUE,3,9,2024
3,1430,1500,null,null,FALSE,3,9,2024
3,1500,1530,null,null,FALSE,3,9,2024
3,1530,1600,null,null,FALSE,3,9,2024
3,1600,1630,stanstan50,stanstan50@email.com,TRUE,3,9,2024
3,1630,1700,admin,admin@email.com,TRUE,3,9,2024
3,1700,1730,null,null,FALSE,3,9,2024
3,1730,1800,null,null,FALSE,3,9,2024
3,1800,1830,null,null,FALSE,3,9,2024
3,1830,1900,null,null,FALSE,3,9,2024
3,1900,1930,null,null,FALSE,3,9,2024
3,1930,2000,null,null,FALSE,3,9,2024
3,2000,2030,stanstan50,stanstan50@email.com,TRUE,3,9,2024
3,2030,2100,picachuu,picachuu@email.com,TRUE,3,9,2024
3,2100,2130,null,null,FALSE,3,9,2024
3,2130,2200,null,null,FALSE,3,9,2024
3,2200,2230,null,null,FALSE,3,9,2024
3,2230,2300,stanstan50,stanstan50@email.com,TRUE,3,9,2024
3,2300,2330,picachuu,picachuu@email.com,TRUE,3,9,2024
3,2330,0,null,null,FALSE,3,9,2024
4,0,30,null,null,FALSE,3,9,2024
4,30,100,stanstan50,stanstan50@email.com,TRUE,3,9,2024
4,100,130,picachuu,picachuu@email.com,TRUE,3,9,2024
4,130,200,null,null,FALSE,3,9,2024
4,200,230,null,null,FALSE,3,9,2024
4,230,300,null,null,FALSE,3,9,2024
4,300,330,picachuu,picachuu@email.com,TRUE,3,9,2024
4,330,400,admin,admin@email.com,TRUE,3,9,2024
4,400,430,null,null,FALSE,3,9,2024
4,430,500,null,null,FALSE,3,9,2024
4,500,530,null,null,FALSE,3,9,2024
4,530,600,null,null,FALSE,3,9,2024
4,600,630,null,null,FALSE,3,9,2024
4,630,700,null,null,FALSE,3,9,2024
4,700,730,picachuu,picachuu@email.com,TRUE,3,9,2024
4,730,800,stanstan50,stanstan50@email.com,TRUE,3,9,2024
4,800,830,null,null,FALSE,3,9,2024
4,830,900,null,null,FALSE,3,9,2024
4,900,930,null,null,FALSE,3,9,2024
4,930,1000,admin,admin@email.com,TRUE,3,9,2024
4,1000,1030,stanstan50,stanstan50@email.com,TRUE,3,9,2024
4,1030,1100,null,null,FALSE,3,9,2024
4,1100,1130,null,null,FALSE,3,9,2024
4,1130,1200,null,null,FALSE,3,9,2024
4,1200,1230,null,null,FALSE,3,9,2024
4,1230,1300,null,null,FALSE,3,9,2024
4,1300,1330,null,null,FALSE,3,9,2024
4,1330,1400,picachuu,picachuu@email.com,TRUE,3,9,2024
4,1400,1430,admin,admin@email.com,TRUE,3,9,2024
4,1430,1500,null,null,FALSE,3,9,2024
4,1500,1530,null,null,FALSE,3,9,2024
4,1530,1600,null,null,FALSE,3,9,2024
4,1600,1630,stanstan50,stanstan50@email.com,TRUE,3,9,2024
4,1630,1700,admin,admin@email.com,TRUE,3,9,2024
4,1700,1730,null,null,FALSE,3,9,2024
4,1730,1800,null,null,FALSE,3,9,2024
4,1800,1830,null,null,FALSE,3,9,2024
4,1830,1900,null,null,FALSE,3,9,2024
4,1900,1930,null,null,FALSE,3,9,2024
4,1930,2000,null,null,FALSE,3,9,2024
4,2000,2030,stanstan50,stanstan50@email.com,TRUE,3,9,2024
4,2030,2100,picachuu,picachuu@email.com,TRUE,3,9,2024
4,2100,2130,null,null,FALSE,3,9,2024
4,2130,2200,null,null,FALSE,3,9,2024
4,2200,2230,null,null,FALSE,3,9,2024
4,2230,2300,stanstan50,stanstan50@email.com,TRUE,3,9,2024
4,2300,2330,picachuu,picachuu@email.com,TRUE,3,9,2024
4,2330,0,null,null,FALSE,3,9,2024
5,0,30,null,null,FALSE,3,9,2024
5,30,100,stanstan50,stanstan50@email.com,TRUE,3,9,2024
5,100,130,picachuu,picachuu@email.com,TRUE,3,9,2024
5,130,200,null,null,FALSE,3,9,2024
5,200,230,null,null,FALSE,3,9,2024
5,230,300,null,null,FALSE,3,9,2024
5,300,330,picachuu,picachuu@email.com,TRUE,3,9,2024
5,330,400,admin,admin@email.com,TRUE,3,9,2024
5,400,430,null,null,FALSE,3,9,2024
5,430,500,null,null,FALSE,3,9,2024
5,500,530,null,null,FALSE,3,9,2024
5,530,600,null,null,FALSE,3,9,2024
5,600,630,null,null,FALSE,3,9,2024
5,630,700,null,null,FALSE,3,9,2024
5,700,730,picachuu,picachuu@email.com,TRUE,3,9,2024
5,730,800,stanstan50,stanstan50@email.com,TRUE,3,9,2024
5,800,830,null,null,FALSE,3,9,2024
5,830,900,null,null,FALSE,3,9,2024
5,900,930,null,null,FALSE,3,9,2024
5,930,1000,admin,admin@email.com,TRUE,3,9,2024
5,1000,1030,stanstan50,stanstan50@email.com,TRUE,3,9,2024
5,1030,1100,null,null,FALSE,3,9,2024
5,1100,1130,null,null,FALSE,3,9,2024
5,1130,1200,null,null,FALSE,3,9,2024
5,1200,1230,null,null,FALSE,3,9,2024
5,1230,1300,null,null,FALSE,3,9,2024
5,1300,1330,null,null,FALSE,3,9,2024
5,1330,1400,picachuu,picachuu@email.com,TRUE,3,9,2024
5,1400,1430,admin,admin@email.com,TRUE,3,9,2024
5,1430,1500,null,null,FALSE,3,9,2024
5,1500,1530,null,null,FALSE,3,9,2024
5,1530,1600,null,null,FALSE,3,9,2024
5,1600,1630,stanstan50,stanstan50@email.com,TRUE,3,9,2024
5,1630,1700,admin,admin@email.com,TRUE,3,9,2024
5,1700,1730,null,null,FALSE,3,9,2024
5,1730,1800,null,null,FALSE,3,9,2024
5,1800,1830,null,null,FALSE,3,9,2024
5,1830,1900,null,null,FALSE,3,9,2024
5,1900,1930,null,null,FALSE,3,9,2024
5,1930,2000,null,null,FALSE,3,9,2024
5,2000,2030,stanstan50,stanstan50@email.com,TRUE,3,9,2024
5,2030,2100,picachuu,picachuu@email.com,TRUE,3,9,2024
5,2100,2130,null,null,FALSE,3,9,2024
5,2130,2200,null,null,FALSE,3,9,2024
5,2200,2230,null,null,FALSE,3,9,2024
5,2230,2300,stanstan50,stanstan50@email.com,TRUE,3,9,2024
5,2300,2330,picachuu,picachuu@email.com,TRUE,3,9,2024
5,2330,0,null,null,FALSE,3,9,2024
6,0,30,null,null,FALSE,3,9,2024
6,30,100,stanstan50,stanstan50@email.com,TRUE,3,9,2024
6,100,130,picachuu,picachuu@email.com,TRUE,3,9,2024
6,130,200,null,null,FALSE,3,9,2024
6,200,230,null,null,FALSE,3,9,2024
6,230,300,null,null,FALSE,3,9,2024
6,300,330,picachuu,picachuu@email.com,TRUE,3,9,2024
6,330,400,admin,admin@email.com,TRUE,3,9,2024
6,400,430,null,null,FALSE,3,9,2024
6,430,500,null,null,FALSE,3,9,2024
6,500,530,null,null,FALSE,3,9,2024
6,530,600,null,null,FALSE,3,9,2024
6,600,630,null,null,FALSE,3,9,2024
6,630,700,null,null,FALSE,3,9,2024
6,700,730,picachuu,picachuu@email.com,TRUE,3,9,2024
6,730,800,stanstan50,stanstan50@email.com,TRUE,3,9,2024
6,800,830,null,null,FALSE,3,9,2024
6,830,900,null,null,FALSE,3,9,2024
6,900,930,null,null,FALSE,3,9,2024
6,930,1000,admin,admin@email.com,TRUE,3,9,2024
6,1000,1030,stanstan50,stanstan50@email.com,TRUE,3,9,2024
6,1030,1100,null,null,FALSE,3,9,2024
6,1100,1130,null,null,FALSE,3,9,2024
6,1130,1200,null,null,FALSE,3,9,2024
6,1200,1230,null,null,FALSE,3,9,2024
6,1230,1300,null,null,FALSE,3,9,2024
6,1300,1330,null,null,FALSE,3,9,2024
6,1330,1400,picachuu,picachuu@email.com,TRUE,3,9,2024
6,1400,1430,admin,admin@email.com,TRUE,3,9,2024
6,1430,1500,null,null,FALSE,3,9,2024
6,1500,1530,null,null,FALSE,3,9,2024
6,1530,1600,null,null,FALSE,3,9,2024
6,1600,1630,stanstan50,stanstan50@email.com,TRUE,3,9,2024
6,1630,1700,admin,admin@email.com,TRUE,3,9,2024
6,1700,1730,null,null,FALSE,3,9,2024
6,1730,1800,null,null,FALSE,3,9,2024
6,1800,1830,null,null,FALSE,3,9,2024
6,1830,1900,null,null,FALSE,3,9,2024
6,1900,1930,null,null,FALSE,3,9,2024
6,1930,2000,null,null,FALSE,3,9,2024
6,2000,2030,stanstan50,stanstan50@email.com,TRUE,3,9,2024
6,2030,2100,picachuu,picachuu@email.com,TRUE,3,9,2024
6,2100,2130,null,null,FALSE,3,9,2024
6,2130,2200,null,null,FALSE,3,9,2024
6,2200,2230,null,null,FALSE,3,9,2024
6,2230,2300,stanstan50,stanstan50@email.com,TRUE,3,9,2024
6,2300,2330,picachuu,picachuu@email.com,TRUE,3,9,2024
6,2330,0,null,null,FALSE,3,9,2024
7,0,30,stanstan50,stanstan50@email.com,TRUE,3,9,2024
7,30,100,picachuu,picachuu@email.com,TRUE,3,9,2024
7,100,130,admin,admin@email.com,TRUE,3,9,2024
7,130,200,picachuu,picachuu@email.com,TRUE,3,9,2024
7,200,230,admin,admin@email.com,TRUE,3,9,2024
7,230,300,stanstan50,stanstan50@email.com,TRUE,3,9,2024
7,300,330,picachuu,picachuu@email.com,TRUE,3,9,2024
7,330,400,admin,admin@email.com,TRUE,3,9,2024
7,400,430,stanstan50,stanstan50@email.com,TRUE,3,9,2024
7,430,500,picachuu,picachuu@email.com,TRUE,3,9,2024
7,500,530,stanstan50,stanstan50@email.com,TRUE,3,9,2024
7,530,600,stanstan50,stanstan50@email.com,TRUE,3,9,2024
7,600,630,picachuu,picachuu@email.com,TRUE,3,9,2024
7,630,700,stanstan50,stanstan50@email.com,TRUE,3,9,2024
7,700,730,picachuu,picachuu@email.com,TRUE,3,9,2024
7,730,800,admin,admin@email.com,TRUE,3,9,2024
7,800,830,picachuu,picachuu@email.com,TRUE,3,9,2024
7,830,900,admin,admin@email.com,TRUE,3,9,2024
7,900,930,stanstan50,stanstan50@email.com,TRUE,3,9,2024
7,930,1000,picachuu,picachuu@email.com,TRUE,3,9,2024
7,1000,1030,admin,admin@email.com,TRUE,3,9,2024
7,1030,1100,picachuu,picachuu@email.com,TRUE,3,9,2024
7,1100,1130,admin,admin@email.com,TRUE,3,9,2024
7,1130,1200,stanstan50,stanstan50@email.com,TRUE,3,9,2024
7,1200,1230,picachuu,picachuu@email.com,TRUE,3,9,2024
7,1230,1300,stanstan50,stanstan50@email.com,TRUE,3,9,2024
7,1300,1330,picachuu,picachuu@email.com,TRUE,3,9,2024
7,1330,1400,admin,admin@email.com,TRUE,3,9,2024
7,1400,1430,picachuu,picachuu@email.com,TRUE,3,9,2024
7,1430,1500,admin,admin@email.com,TRUE,3,9,2024
7,1500,1530,stanstan50,stanstan50@email.com,TRUE,3,9,2024
7,1530,1600,picachuu,picachuu@email.com,TRUE,3,9,2024
7,1600,1630,admin,admin@email.com,TRUE,3,9,2024
7,1630,1700,picachuu,picachuu@email.com,TRUE,3,9,2024
7,1700,1730,admin,admin@email.com,TRUE,3,9,2024
7,1730,1800,stanstan50,stanstan50@email.com,TRUE,3,9,2024
7,1800,1830,picachuu,picachuu@email.com,TRUE,3,9,2024
7,1830,1900,stanstan50,stanstan50@email.com,TRUE,3,9,2024
7,1900,1930,picachuu,picachuu@email.com,TRUE,3,9,2024
7,1930,2000,admin,admin@email.com,TRUE,3,9,2024
7,2000,2030,picachuu,picachuu@email.com,TRUE,3,9,2024
7,2030,2100,admin,admin@email.com,TRUE,3,9,2024
7,2100,2130,stanstan50,stanstan50@email.com,TRUE,3,9,2024
7,2130,2200,admin,admin@email.com,TRUE,3,9,2024
7,2200,2230,picachuu,picachuu@email.com,TRUE,3,9,2024
7,2230,2300,admin,admin@email.com,TRUE,3,9,2024
7,2300,2330,stanstan50,stanstan50@email.com,TRUE,3,9,2024
7,2330,0,picachuu,picachuu@email.com,TRUE,3,9,2024
8,0,30,null,null,FALSE,3,9,2024
8,30,100,stanstan50,stanstan50@email.com,TRUE,3,9,2024
8,100,130,picachuu,picachuu@email.com,TRUE,3,9,2024
8,130,200,null,null,FALSE,3,9,2024
8,200,230,null,null,FALSE,3,9,2024
8,230,300,null,null,FALSE,3,9,2024
8,300,330,picachuu,picachuu@email.com,TRUE,3,9,2024
8,330,400,admin,admin@email.com,TRUE,3,9,2024
8,400,430,null,null,FALSE,3,9,2024
8,430,500,null,null,FALSE,3,9,2024
8,500,530,null,null,FALSE,3,9,2024
8,530,600,null,null,FALSE,3,9,2024
8,600,630,null,null,FALSE,3,9,2024
8,630,700,null,null,FALSE,3,9,2024
8,700,730,picachuu,picachuu@email.com,TRUE,3,9,2024
8,730,800,stanstan50,stanstan50@email.com,TRUE,3,9,2024
8,800,830,null,null,FALSE,3,9,2024
8,830,900,null,null,FALSE,3,9,2024
8,900,930,null,null,FALSE,3,9,2024
8,930,1000,admin,admin@email.com,TRUE,3,9,2024
8,1000,1030,stanstan50,stanstan50@email.com,TRUE,3,9,2024
8,1030,1100,null,null,FALSE,3,9,2024
8,1100,1130,null,null,FALSE,3,9,2024
8,1130,1200,null,null,FALSE,3,9,2024
8,1200,1230,null,null,FALSE,3,9,2024
8,1230,1300,null,null,FALSE,3,9,2024
8,1300,1330,null,null,FALSE,3,9,2024
8,1330,1400,picachuu,picachuu@email.com,TRUE,3,9,2024
8,1400,1430,admin,admin@email.com,TRUE,3,9,2024
8,1430,1500,null,null,FALSE,3,9,2024
8,1500,1530,null,null,FALSE,3,9,2024
8,1530,1600,null,null,FALSE,3,9,2024
8,1600,1630,stanstan50,stanstan50@email.com,TRUE,3,9,2024
8,1630,1700,admin,admin@email.com,TRUE,3,9,2024
8,1700,1730,null,null,FALSE,3,9,2024
8,1730,1800,null,null,FALSE,3,9,2024
8,1800,1830,null,null,FALSE,3,9,2024
8,1830,1900,null,null,FALSE,3,9,2024
8,1900,1930,null,null,FALSE,3,9,2024
8,1930,2000,null,null,FALSE,3,9,2024
8,2000,2030,stanstan50,stanstan50@email.com,TRUE,3,9,2024
8,2030,2100,picachuu,picachuu@email.com,TRUE,3,9,2024
8,2100,2130,null,null,FALSE,3,9,2024
8,2130,2200,null,null,FALSE,3,9,2024
8,2200,2230,null,null,FALSE,3,9,2024
8,2230,2300,stanstan50,stanstan50@email.com,TRUE,3,9,2024
8,2300,2330,picachuu,picachuu@email.com,TRUE,3,9,2024
8,2330,0,null,null,FALSE,3,9,2024
9,0,30,null,null,FALSE,3,9,2024
9,30,100,stanstan50,stanstan50@email.com,TRUE,3,9,2024
9,100,130,picachuu,picachuu@email.com,TRUE,3,9,2024
9,130,200,null,null,FALSE,3,9,2024
9,200,230,null,null,FALSE,3,9,2024
9,230,300,null,null,FALSE,3,9,2024
9,300,330,picachuu,picachuu@email.com,TRUE,3,9,2024
9,330,400,admin,admin@email.com,TRUE,3,9,2024
9,400,430,null,null,FALSE,3,9,2024
9,430,500,null,null,FALSE,3,9,2024
9,500,530,null,null,FALSE,3,9,2024
9,530,600,null,null,FALSE,3,9,2024
9,600,630,null,null,FALSE,3,9,2024
9,630,700,null,null,FALSE,3,9,2024
9,700,730,picachuu,picachuu@email.com,TRUE,3,9,2024
9,730,800,stanstan50,stanstan50@email.com,TRUE,3,9,2024
9,800,830,null,null,FALSE,3,9,2024
9,830,900,null,null,FALSE,3,9,2024
9,900,930,null,null,FALSE,3,9,2024
9,930,1000,admin,admin@email.com,TRUE,3,9,2024
9,1000,1030,stanstan50,stanstan50@email.com,TRUE,3,9,2024
9,1030,1100,null,null,FALSE,3,9,2024
9,1100,1130,null,null,FALSE,3,9,2024
9,1130,1200,null,null,FALSE,3,9,2024
9,1200,1230,null,null,FALSE,3,9,2024
9,1230,1300,null,null,FALSE,3,9,2024
9,1300,1330,null,null,FALSE,3,9,2024
9,1330,1400,picachuu,picachuu@email.com,TRUE,3,9,2024
9,1400,1430,admin,admin@email.com,TRUE,3,9,2024
9,1430,1500,null,null,FALSE,3,9,2024
9,1500,1530,null,null,FALSE,3,9,2024
9,1530,1600,null,null,FALSE,3,9,2024
9,1600,1630,stanstan50,stanstan50@email.com,TRUE,3,9,2024
9,1630,1700,admin,admin@email.com,TRUE,3,9,2024
9,1700,1730,null,null,FALSE,3,9,2024
9,1730,1800,null,null,FALSE,3,9,2024
9,1800,1830,null,null,FALSE,3,9,2024
9,1830,1900,null,null,FALSE,3,9,2024
9,1900,1930,null,null,FALSE,3,9,2024
9,1930,2000,null,null,FALSE,3,9,2024
9,2000,2030,stanstan50,stanstan50@email.com,TRUE,3,9,2024
9,2030,2100,picachuu,picachuu@email.com,TRUE,3,9,2024
9,2100,2130,null,null,FALSE,3,9,2024
9,2130,2200,null,null,FALSE,3,9,2024
9,2200,2230,null,null,FALSE,3,9,2024
9,2230,2300,stanstan50,stanstan50@email.com,TRUE,3,9,2024
9,2300,2330,picachuu,picachuu@email.com,TRUE,3,9,2024
9,2330,0,null,null,FALSE,3,9,2024
10,0,30,null,null,FALSE,3,9,2024
10,30,100,stanstan50,stanstan50@email.com,TRUE,3,9,2024
10,100,130,picachuu,picachuu@email.com,TRUE,3,9,2024
10,130,200,null,null,FALSE,3,9,2024
10,200,230,null,null,FALSE,3,9,2024
10,230,300,null,null,FALSE,3,9,2024
10,300,330,picachuu,picachuu@email.com,TRUE,3,9,2024
10,330,400,admin,admin@email.com,TRUE,3,9,2024
10,400,430,null,null,FALSE,3,9,2024
10,430,500,null,null,FALSE,3,9,2024
10,500,530,null,null,FALSE,3,9,2024
10,530,600,null,null,FALSE,3,9,2024
10,600,630,null,null,FALSE,3,9,2024
10,630,700,null,null,FALSE,3,9,2024
10,700,730,picachuu,picachuu@email.com,TRUE,3,9,2024
10,730,800,stanstan50,stanstan50@email.com,TRUE,3,9,2024
10,800,830,null,null,FALSE,3,9,2024
10,830,900,null,null,FALSE,3,9,2024
10,900,930,null,null,FALSE,3,9,2024
10,930,1000,admin,admin@email.com,TRUE,3,9,2024
10,1000,1030,stanstan50,stanstan50@email.com,TRUE,3,9,2024
10,1030,1100,null,null,FALSE,3,9,2024
10,1100,1130,null,null,FALSE,3,9,2024
10,1130,1200,null,null,FALSE,3,9,2024
10,1200,1230,null,null,FALSE,3,9,2024
10,1230,1300,null,null,FALSE,3,9,2024
10,1300,1330,null,null,FALSE,3,9,2024
10,1330,1400,picachuu,picachuu@email.com,TRUE,3,9,2024
10,1400,1430,admin,admin@email.com,TRUE,3,9,2024
10,1430,1500,null,null,FALSE,3,9,2024
10,1500,1530,null,null,FALSE,3,9,2024
10,1530,1600,null,null,FALSE,3,9,2024
10,1600,1630,stanstan50,stanstan50@email.com,TRUE,3,9,2024
10,1630,1700,admin,admin@email.com,TRUE,3,9,2024
10,1700,1730,null,null,FALSE,3,9,2024
10,1730,1800,null,null,FALSE,3,9,2024
10,1800,1830,null,null,FALSE,3,9,2024
10,1830,1900,null,null,FALSE,3,9,2024
10,1900,1930,null,null,FALSE,3,9,2024
10,1930,2000,null,null,FALSE,3,9,2024
10,2000,2030,stanstan50,stanstan50@email.com,TRUE,3,9,2024
10,2030,2100,picachuu,picachuu@email.com,TRUE,3,9,2024
10,2100,2130,null,null,FALSE,3,9,2024
10,2130,2200,null,null,FALSE,3,9,2024
10,2200,2230,null,null,FALSE,3,9,2024
10,2230,2300,stanstan50,stanstan50@email.com,TRUE,3,9,2024
10,2300,2330,picachuu,picachuu@email.com,TRUE,3,9,2024
10,2330,0,null,null,FALSE,3,9,2024
11,0,30,null,null,FALSE,3,9,2024
11,30,100,stanstan50,stanstan50@email.com,TRUE,3,9,2024
11,100,130,picachuu,picachuu@email.com,TRUE,3,9,2024
11,130,200,null,null,FALSE,3,9,2024
11,200,230,null,null,FALSE,3,9,2024
11,230,300,null,null,FALSE,3,9,2024
11,300,330,picachuu,picachuu@email.com,TRUE,3,9,2024
11,330,400,admin,admin@email.com,TRUE,3,9,2024
11,400,430,null,null,FALSE,3,9,2024
11,430,500,null,null,FALSE,3,9,2024
11,500,530,null,null,FALSE,3,9,2024
11,530,600,null,null,FALSE,3,9,2024
11,600,630,null,null,FALSE,3,9,2024
11,630,700,null,null,FALSE,3,9,2024
11,700,730,picachuu,picachuu@email.com,TRUE,3,9,2024
11,730,800,stanstan50,stanstan50@email.com,TRUE,3,9,2024
11,800,830,null,null,FALSE,3,9,2024
11,830,900,null,null,FALSE,3,9,2024
11,900,930,null,null,FALSE,3,9,2024
11,930,1000,admin,admin@email.com,TRUE,3,9,2024
11,1000,1030,stanstan50,stanstan50@email.com,TRUE,3,9,2024
11,1030,1100,null,null,FALSE,3,9,2024
11,1100,1130,null,null,FALSE,3,9,2024
11,1130,1200,null,null,FALSE,3,9,2024
11,1200,1230,null,null,FALSE,3,9,2024
11,1230,1300,null,null,FALSE,3,9,2024
11,1300,1330,null,null,FALSE,3,9,2024
11,1330,1400,picachuu,picachuu@email.com,TRUE,3,9,2024
11,1400,1430,admin,admin@email.com,TRUE,3,9,2024
11,1430,1500,null,null,FALSE,3,9,2024
11,1500,1530,null,null,FALSE,3,9,2024
11,1530,1600,null,null,FALSE,3,9,2024
11,1600,1630,stanstan50,stanstan50@email.com,TRUE,3,9,2024
11,1630,1700,admin,admin@email.com,TRUE,3,9,2024
11,1700,1730,null,null,FALSE,3,9,2024
11,1730,1800,null,null,FALSE,3,9,2024
11,1800,1830,null,null,FALSE,3,9,2024
11,1830,1900,null,null,FALSE,3,9,2024
11,1900,1930,null,null,FALSE,3,9,2024
11,1930,2000,null,null,FALSE,3,9,2024
11,2000,2030,stanstan50,stanstan50@email.com,TRUE,3,9,2024
11,2030,2100,picachuu,picachuu@email.com,TRUE,3,9,2024
11,2100,2130,null,null,FALSE,3,9,2024
11,2130,2200,null,null,FALSE,3,9,2024
11,2200,2230,null,null,FALSE,3,9,2024
11,2230,2300,stanstan50,stanstan50@email.com,TRUE,3,9,2024
11,2300,2330,picachuu,picachuu@email.com,TRUE,3,9,2024
11,2330,0,null,null,FALSE,3,9,2024
12,0,30,null,null,FALSE,3,9,2024
12,30,100,stanstan50,stanstan50@email.com,TRUE,3,9,2024
12,100,130,picachuu,picachuu@email.com,TRUE,3,9,2024
12,130,200,null,null,FALSE,3,9,2024
12,200,230,null,null,FALSE,3,9,2024
12,230,300,null,null,FALSE,3,9,2024
12,300,330,picachuu,picachuu@email.com,TRUE,3,9,2024
12,330,400,admin,admin@email.com,TRUE,3,9,2024
12,400,430,null,null,FALSE,3,9,2024
12,430,500,null,null,FALSE,3,9,2024
12,500,530,null,null,FALSE,3,9,2024
12,530,600,null,null,FALSE,3,9,2024
12,600,630,null,null,FALSE,3,9,2024
12,630,700,null,null,FALSE,3,9,2024
12,700,730,picachuu,picachuu@email.com,TRUE,3,9,2024
12,730,800,stanstan50,stanstan50@email.com,TRUE,3,9,2024
12,800,830,null,null,FALSE,3,9,2024
12,830,900,null,null,FALSE,3,9,2024
12,900,930,null,null,FALSE,3,9,2024
12,930,1000,admin,admin@email.com,TRUE,3,9,2024
12,1000,1030,stanstan50,stanstan50@email.com,TRUE,3,9,2024
12,1030,1100,null,null,FALSE,3,9,2024
12,1100,1130,null,null,FALSE,3,9,2024
12,1130,1200,null,null,FALSE,3,9,2024
12,1200,1230,null,null,FALSE,3,9,2024
12,1230,1300,null,null,FALSE,3,9,2024
12,1300,1330,null,null,FALSE,3,9,2024
12,1330,1400,picachuu,picachuu@email.com,TRUE,3,9,2024
12,1400,1430,admin,admin@email.com,TRUE,3,9,2024
12,1430,1500,null,null,FALSE,3,9,2024
12,1500,1530,null,null,FALSE,3,9,2024
12,1530,1600,null,null,FALSE,3,9,2024
12,1600,1630,stanstan50,stanstan50@email.com,TRUE,3,9,2024
12,1630,1700,admin,admin@email.com,TRUE,3,9,2024
12,1700,1730,null,null,FALSE,3,9,2024
12,1730,1800,null,null,FALSE,3,9,2024
12,1800,1830,null,null,FALSE,3,9,2024
12,1830,1900,null,null,FALSE,3,9,2024
12,1900,1930,null,null,FALSE,3,9,2024
12,1930,2000,null,null,FALSE,3,9,2024
12,2000,2030,stanstan50,stanstan50@email.com,TRUE,3,9,2024
12,2030,2100,picachuu,picachuu@email.com,TRUE,3,9,2024
12,2100,2130,null,null,FALSE,3,9,2024
12,2130,2200,null,null,FALSE,3,9,2024
12,2200,2230,null,null,FALSE,3,9,2024
12,2230,2300,stanstan50,stanstan50@email.com,TRUE,3,9,2024
12,2300,2330,picachuu,picachuu@email.com,TRUE,3,9,2024
12,2330,0,null,null,FALSE,3,9,2024
13,0,30,null,null,FALSE,3,9,2024
13,30,100,stanstan50,stanstan50@email.com,TRUE,3,9,2024
13,100,130,picachuu,picachuu@email.com,TRUE,3,9,2024
13,130,200,null,null,FALSE,3,9,2024
13,200,230,null,null,FALSE,3,9,2024
13,230,300,null,null,FALSE,3,9,2024
13,300,330,picachuu,picachuu@email.com,TRUE,3,9,2024
13,330,400,admin,admin@email.com,TRUE,3,9,2024
13,400,430,null,null,FALSE,3,9,2024
13,430,500,null,null,FALSE,3,9,2024
13,500,530,null,null,FALSE,3,9,2024
13,530,600,null,null,FALSE,3,9,2024
13,600,630,null,null,FALSE,3,9,2024
13,630,700,null,null,FALSE,3,9,2024
13,700,730,picachuu,picachuu@email.com,TRUE,3,9,2024
13,730,800,stanstan50,stanstan50@email.com,TRUE,3,9,2024
13,800,830,null,null,FALSE,3,9,2024
13,830,900,null,null,FALSE,3,9,2024
13,900,930,null,null,FALSE,3,9,2024
13,930,1000,admin,admin@email.com,TRUE,3,9,2024
13,1000,1030,stanstan50,stanstan50@email.com,TRUE,3,9,2024
13,1030,1100,null,null,FALSE,3,9,2024
13,1100,1130,null,null,FALSE,3,9,2024
13,1130,1200,null,null,FALSE,3,9,2024
13,1200,1230,null,null,FALSE,3,9,2024
13,1230,1300,null,null,FALSE,3,9,2024
13,1300,1330,null,null,FALSE,3,9,2024
13,1330,1400,picachuu,picachuu@email.com,TRUE,3,9,2024
13,1400,1430,admin,admin@email.com,TRUE,3,9,2024
13,1430,1500,null,null,FALSE,3,9,2024
13,1500,1530,null,null,FALSE,3,9,2024
13,1530,1600,null,null,FALSE,3,9,2024
13,1600,1630,stanstan50,stanstan50@email.com,TRUE,3,9,2024
13,1630,1700,admin,admin@email.com,TRUE,3,9,2024
13,1700,1730,null,null,FALSE,3,9,2024
13,1730,1800,null,null,FALSE,3,9,2024
13,1800,1830,null,null,FALSE,3,9,2024
13,1830,1900,null,null,FALSE,3,9,2024
13,1900,1930,null,null,FALSE,3,9,2024
13,1930,2000,null,null,FALSE,3,9,2024
13,2000,2030,stanstan50,stanstan50@email.com,TRUE,3,9,2024
13,2030,2100,picachuu,picachuu@email.com,TRUE,3,9,2024
13,2100,2130,null,null,FALSE,3,9,2024
13,2130,2200,null,null,FALSE,3,9,2024
13,2200,2230,null,null,FALSE,3,9,2024
13,2230,2300,stanstan50,stanstan50@email.com,TRUE,3,9,2024
13,2300,2330,picachuu,picachuu@email.com,TRUE,3,9,2024
13,2330,0,null,null,FALSE,3,9,2024
14,0,30,null,null,FALSE,3,9,2024
14,30,100,stanstan50,stanstan50@email.com,TRUE,3,9,2024
14,100,130,picachuu,picachuu@email.com,TRUE,3,9,2024
14,130,200,null,null,FALSE,3,9,2024
14,200,230,null,null,FALSE,3,9,2024
14,230,300,null,null,FALSE,3,9,2024
14,300,330,picachuu,picachuu@email.com,TRUE,3,9,2024
14,330,400,admin,admin@email.com,TRUE,3,9,2024
14,400,430,null,null,FALSE,3,9,2024
14,430,500,null,null,FALSE,3,9,2024
14,500,530,null,null,FALSE,3,9,2024
14,530,600,null,null,FALSE,3,9,2024
14,600,630,null,null,FALSE,3,9,2024
14,630,700,null,null,FALSE,3,9,2024
14,700,730,picachuu,picachuu@email.com,TRUE,3,9,2024
14,730,800,stanstan50,stanstan50@email.com,TRUE,3,9,2024
14,800,830,null,null,FALSE,3,9,2024
14,830,900,null,null,FALSE,3,9,2024
14,900,930,null,null,FALSE,3,9,2024
14,930,1000,admin,admin@email.com,TRUE,3,9,2024
14,1000,1030,stanstan50,stanstan50@email.com,TRUE,3,9,2024
14,1030,1100,null,null,FALSE,3,9,2024
14,1100,1130,null,null,FALSE,3,9,2024
14,1130,1200,null,null,FALSE,3,9,2024
14,1200,1230,null,null,FALSE,3,9,2024
14,1230,1300,null,null,FALSE,3,9,2024
14,1300,1330,null,null,FALSE,3,9,2024
14,1330,1400,picachuu,picachuu@email.com,TRUE,3,9,2024
14,1400,1430,admin,admin@email.com,TRUE,3,9,2024
14,1430,1500,null,null,FALSE,3,9,2024
14,1500,1530,null,null,FALSE,3,9,2024
14,1530,1600,null,null,FALSE,3,9,2024
14,1600,1630,stanstan50,stanstan50@email.com,TRUE,3,9,2024
14,1630,1700,admin,admin@email.com,TRUE,3,9,2024
14,1700,1730,null,null,FALSE,3,9,2024
14,1730,1800,null,null,FALSE,3,9,2024
14,1800,1830,null,null,FALSE,3,9,2024
14,1830,1900,null,null,FALSE,3,9,2024
14,1900,1930,null,null,FALSE,3,9,2024
14,1930,2000,null,null,FALSE,3,9,2024
14,2000,2030,stanstan50,stanstan50@email.com,TRUE,3,9,2024
14,2030,2100,picachuu,picachuu@email.com,TRUE,3,9,2024
14,2100,2130,null,null,FALSE,3,9,2024
14,2130,2200,null,null,FALSE,3,9,2024
14,2200,2230,null,null,FALSE,3,9,2024
14,2230,2300,stanstan50,stanstan50@email.com,TRUE,3,9,2024
14,2300,2330,picachuu,picachuu@email.com,TRUE,3,9,2024
14,2330,0,null,null,FALSE,3,9,2024
15,0,30,null,null,FALSE,3,9,2024
15,30,100,stanstan50,stanstan50@email.com,TRUE,3,9,2024
15,100,130,picachuu,picachuu@email.com,TRUE,3,9,2024
15,130,200,null,null,FALSE,3,9,2024
15,200,230,null,null,FALSE,3,9,2024
15,230,300,null,null,FALSE,3,9,2024
15,300,330,picachuu,picachuu@email.com,TRUE,3,9,2024
15,330,400,admin,admin@email.com,TRUE,3,9,2024
15,400,430,null,null,FALSE,3,9,2024
15,430,500,null,null,FALSE,3,9,2024
15,500,530,null,null,FALSE,3,9,2024
15,530,600,null,null,FALSE,3,9,2024
15,600,630,null,null,FALSE,3,9,2024
15,630,700,null,null,FALSE,3,9,2024
15,700,730,picachuu,picachuu@email.com,TRUE,3,9,2024
15,730,800,stanstan50,stanstan50@email.com,TRUE,3,9,2024
15,800,830,null,null,FALSE,3,9,2024
15,830,900,null,null,FALSE,3,9,2024
15,900,930,null,null,FALSE,3,9,2024
15,930,1000,admin,admin@email.com,TRUE,3,9,2024
15,1000,1030,stanstan50,stanstan50@email.com,TRUE,3,9,2024
15,1030,1100,null,null,FALSE,3,9,2024
15,1100,1130,null,null,FALSE,3,9,2024
15,1130,1200,null,null,FALSE,3,9,2024
15,1200,1230,null,null,FALSE,3,9,2024
15,1230,1300,null,null,FALSE,3,9,2024
15,1300,1330,null,null,FALSE,3,9,2024
15,1330,1400,picachuu,picachuu@email.com,TRUE,3,9,2024
15,1400,1430,admin,admin@email.com,TRUE,3,9,2024
15,1430,1500,null,null,FALSE,3,9,2024
15,1500,1530,null,null,FALSE,3,9,2024
15,1530,1600,null,null,FALSE,3,9,2024
15,1600,1630,stanstan50,stanstan50@email.com,TRUE,3,9,2024
15,1630,1700,admin,admin@email.com,TRUE,3,9,2024
15,1700,1730,null,null,FALSE,3,9,2024
15,1730,1800,null,null,FALSE,3,9,2024
15,1800,1830,null,null,FALSE,3,9,2024
15,1830,1900,null,null,FALSE,3,9,2024
15,1900,1930,null,null,FALSE,3,9,2024
15,1930,2000,null,null,FALSE,3,9,2024
15,2000,2030,stanstan50,stanstan50@email.com,TRUE,3,9,2024
15,2030,2100,picachuu,picachuu@email.com,TRUE,3,9,2024
15,2100,2130,null,null,FALSE,3,9,2024
15,2130,2200,null,null,FALSE,3,9,2024
15,2200,2230,null,null,FALSE,3,9,2024
15,2230,2300,stanstan50,stanstan50@email.com,TRUE,3,9,2024
15,2300,2330,picachuu,picachuu@email.com,TRUE,3,9,2024
15,2330,0,null,null,FALSE,3,9,2024
1,0,30,stanstan50,stanstan50@email.com,TRUE,3,10,2024
1,30,100,picachuu,picachuu@email.com,TRUE,3,10,2024
1,100,130,admin,admin@email.com,TRUE,3,10,2024
1,130,200,picachuu,picachuu@email.com,TRUE,3,10,2024
1,200,230,admin,admin@email.com,TRUE,3,10,2024
1,230,300,stanstan50,stanstan50@email.com,TRUE,3,10,2024
1,300,330,picachuu,picachuu@email.com,TRUE,3,10,2024
1,330,400,admin,admin@email.com,TRUE,3,10,2024
1,400,430,stanstan50,stanstan50@email.com,TRUE,3,10,2024
1,430,500,picachuu,picachuu@email.com,TRUE,3,10,2024
1,500,530,stanstan50,stanstan50@email.com,TRUE,3,10,2024
1,530,600,stanstan50,stanstan50@email.com,TRUE,3,10,2024
1,600,630,picachuu,picachuu@email.com,TRUE,3,10,2024
1,630,700,stanstan50,stanstan50@email.com,TRUE,3,10,2024
1,700,730,picachuu,picachuu@email.com,TRUE,3,10,2024
1,730,800,admin,admin@email.com,TRUE,3,10,2024
1,800,830,picachuu,picachuu@email.com,TRUE,3,10,2024
1,830,900,admin,admin@email.com,TRUE,3,10,2024
1,900,930,stanstan50,stanstan50@email.com,TRUE,3,10,2024
1,930,1000,picachuu,picachuu@email.com,TRUE,3,10,2024
1,1000,1030,admin,admin@email.com,TRUE,3,10,2024
1,1030,1100,picachuu,picachuu@email.com,TRUE,3,10,2024
1,1100,1130,admin,admin@email.com,TRUE,3,10,2024
1,1130,1200,stanstan50,stanstan50@email.com,TRUE,3,10,2024
1,1200,1230,picachuu,picachuu@email.com,TRUE,3,10,2024
1,1230,1300,stanstan50,stanstan50@email.com,TRUE,3,10,2024
1,1300,1330,picachuu,picachuu@email.com,TRUE,3,10,2024
1,1330,1400,admin,admin@email.com,TRUE,3,10,2024
1,1400,1430,picachuu,picachuu@email.com,TRUE,3,10,2024
1,1430,1500,admin,admin@email.com,TRUE,3,10,2024
1,1500,1530,stanstan50,stanstan50@email.com,TRUE,3,10,2024
1,1530,1600,picachuu,picachuu@email.com,TRUE,3,10,2024
1,1600,1630,admin,admin@email.com,TRUE,3,10,2024
1,1630,1700,picachuu,picachuu@email.com,TRUE,3,10,2024
1,1700,1730,admin,admin@email.com,TRUE,3,10,2024
1,1730,1800,stanstan50,stanstan50@email.com,TRUE,3,10,2024
1,1800,1830,picachuu,picachuu@email.com,TRUE,3,10,2024
1,1830,1900,stanstan50,stanstan50@email.com,TRUE,3,10,2024
1,1900,1930,picachuu,picachuu@email.com,TRUE,3,10,2024
1,1930,2000,admin,admin@email.com,TRUE,3,10,2024
1,2000,2030,picachuu,picachuu@email.com,TRUE,3,10,2024
1,2030,2100,admin,admin@email.com,TRUE,3,10,2024
1,2100,2130,stanstan50,stanstan50@email.com,TRUE,3,10,2024
1,2130,2200,admin,admin@email.com,TRUE,3,10,2024
1,2200,2230,picachuu,picachuu@email.com,TRUE,3,10,2024
1,2230,2300,admin,admin@email.com,TRUE,3,10,2024
1,2300,2330,stanstan50,stanstan50@email.com,TRUE,3,10,2024
1,2330,0,picachuu,picachuu@email.com,TRUE,3,10,2024
2,0,30,null,null,FALSE,3,10,2024
2,30,100,stanstan50,stanstan50@email.com,TRUE,3,10,2024
2,100,130,picachuu,picachuu@email.com,TRUE,3,10,2024
2,130,200,null,null,FALSE,3,10,2024
2,200,230,null,null,FALSE,3,10,2024
2,230,300,null,null,FALSE,3,10,2024
2,300,330,picachuu,picachuu@email.com,TRUE,3,10,2024
2,330,400,admin,admin@email.com,TRUE,3,10,2024
2,400,430,null,null,FALSE,3,10,2024
2,430,500,null,null,FALSE,3,10,2024
2,500,530,null,null,FALSE,3,10,2024
2,530,600,null,null,FALSE,3,10,2024
2,600,630,null,null,FALSE,3,10,2024
2,630,700,null,null,FALSE,3,10,2024
2,700,730,picachuu,picachuu@email.com,TRUE,3,10,2024
2,730,800,stanstan50,stanstan50@email.com,TRUE,3,10,2024
2,800,830,null,null,FALSE,3,10,2024
2,830,900,null,null,FALSE,3,10,2024
2,900,930,null,null,FALSE,3,10,2024
2,930,1000,admin,admin@email.com,TRUE,3,10,2024
2,1000,1030,stanstan50,stanstan50@email.com,TRUE,3,10,2024
2,1030,1100,null,null,FALSE,3,10,2024
2,1100,1130,null,null,FALSE,3,10,2024
2,1130,1200,null,null,FALSE,3,10,2024
2,1200,1230,null,null,FALSE,3,10,2024
2,1230,1300,null,null,FALSE,3,10,2024
2,1300,1330,null,null,FALSE,3,10,2024
2,1330,1400,picachuu,picachuu@email.com,TRUE,3,10,2024
2,1400,1430,admin,admin@email.com,TRUE,3,10,2024
2,1430,1500,null,null,FALSE,3,10,2024
2,1500,1530,null,null,FALSE,3,10,2024
2,1530,1600,null,null,FALSE,3,10,2024
2,1600,1630,stanstan50,stanstan50@email.com,TRUE,3,10,2024
2,1630,1700,admin,admin@email.com,TRUE,3,10,2024
2,1700,1730,null,null,FALSE,3,10,2024
2,1730,1800,null,null,FALSE,3,10,2024
2,1800,1830,null,null,FALSE,3,10,2024
2,1830,1900,null,null,FALSE,3,10,2024
2,1900,1930,null,null,FALSE,3,10,2024
2,1930,2000,null,null,FALSE,3,10,2024
2,2000,2030,stanstan50,stanstan50@email.com,TRUE,3,10,2024
2,2030,2100,picachuu,picachuu@email.com,TRUE,3,10,2024
2,2100,2130,null,null,FALSE,3,10,2024
2,2130,2200,null,null,FALSE,3,10,2024
2,2200,2230,null,null,FALSE,3,10,2024
2,2230,2300,stanstan50,stanstan50@email.com,TRUE,3,10,2024
2,2300,2330,picachuu,picachuu@email.com,TRUE,3,10,2024
2,2330,0,null,null,FALSE,3,10,2024
3,0,30,null,null,FALSE,3,10,2024
3,30,100,stanstan50,stanstan50@email.com,TRUE,3,10,2024
3,100,130,picachuu,picachuu@email.com,TRUE,3,10,2024
3,130,200,null,null,FALSE,3,10,2024
3,200,230,null,null,FALSE,3,10,2024
3,230,300,null,null,FALSE,3,10,2024
3,300,330,picachuu,picachuu@email.com,TRUE,3,10,2024
3,330,400,admin,admin@email.com,TRUE,3,10,2024
3,400,430,null,null,FALSE,3,10,2024
3,430,500,null,null,FALSE,3,10,2024
3,500,530,null,null,FALSE,3,10,2024
3,530,600,null,null,FALSE,3,10,2024
3,600,630,null,null,FALSE,3,10,2024
3,630,700,null,null,FALSE,3,10,2024
3,700,730,picachuu,picachuu@email.com,TRUE,3,10,2024
3,730,800,stanstan50,stanstan50@email.com,TRUE,3,10,2024
3,800,830,null,null,FALSE,3,10,2024
3,830,900,null,null,FALSE,3,10,2024
3,900,930,null,null,FALSE,3,10,2024
3,930,1000,admin,admin@email.com,TRUE,3,10,2024
3,1000,1030,stanstan50,stanstan50@email.com,TRUE,3,10,2024
3,1030,1100,null,null,FALSE,3,10,2024
3,1100,1130,null,null,FALSE,3,10,2024
3,1130,1200,null,null,FALSE,3,10,2024
3,1200,1230,null,null,FALSE,3,10,2024
3,1230,1300,null,null,FALSE,3,10,2024
3,1300,1330,null,null,FALSE,3,10,2024
3,1330,1400,picachuu,picachuu@email.com,TRUE,3,10,2024
3,1400,1430,admin,admin@email.com,TRUE,3,10,2024
3,1430,1500,null,null,FALSE,3,10,2024
3,1500,1530,null,null,FALSE,3,10,2024
3,1530,1600,null,null,FALSE,3,10,2024
3,1600,1630,stanstan50,stanstan50@email.com,TRUE,3,10,2024
3,1630,1700,admin,admin@email.com,TRUE,3,10,2024
3,1700,1730,null,null,FALSE,3,10,2024
3,1730,1800,null,null,FALSE,3,10,2024
3,1800,1830,null,null,FALSE,3,10,2024
3,1830,1900,null,null,FALSE,3,10,2024
3,1900,1930,null,null,FALSE,3,10,2024
3,1930,2000,null,null,FALSE,3,10,2024
3,2000,2030,stanstan50,stanstan50@email.com,TRUE,3,10,2024
3,2030,2100,picachuu,picachuu@email.com,TRUE,3,10,2024
3,2100,2130,null,null,FALSE,3,10,2024
3,2130,2200,null,null,FALSE,3,10,2024
3,2200,2230,null,null,FALSE,3,10,2024
3,2230,2300,stanstan50,stanstan50@email.com,TRUE,3,10,2024
3,2300,2330,picachuu,picachuu@email.com,TRUE,3,10,2024
3,2330,0,null,null,FALSE,3,10,2024
4,0,30,null,null,FALSE,3,10,2024
4,30,100,stanstan50,stanstan50@email.com,TRUE,3,10,2024
4,100,130,picachuu,picachuu@email.com,TRUE,3,10,2024
4,130,200,null,null,FALSE,3,10,2024
4,200,230,null,null,FALSE,3,10,2024
4,230,300,null,null,FALSE,3,10,2024
4,300,330,picachuu,picachuu@email.com,TRUE,3,10,2024
4,330,400,admin,admin@email.com,TRUE,3,10,2024
4,400,430,null,null,FALSE,3,10,2024
4,430,500,null,null,FALSE,3,10,2024
4,500,530,null,null,FALSE,3,10,2024
4,530,600,null,null,FALSE,3,10,2024
4,600,630,null,null,FALSE,3,10,2024
4,630,700,null,null,FALSE,3,10,2024
4,700,730,picachuu,picachuu@email.com,TRUE,3,10,2024
4,730,800,stanstan50,stanstan50@email.com,TRUE,3,10,2024
4,800,830,null,null,FALSE,3,10,2024
4,830,900,null,null,FALSE,3,10,2024
4,900,930,null,null,FALSE,3,10,2024
4,930,1000,admin,admin@email.com,TRUE,3,10,2024
4,1000,1030,stanstan50,stanstan50@email.com,TRUE,3,10,2024
4,1030,1100,null,null,FALSE,3,10,2024
4,1100,1130,null,null,FALSE,3,10,2024
4,1130,1200,null,null,FALSE,3,10,2024
4,1200,1230,null,null,FALSE,3,10,2024
4,1230,1300,null,null,FALSE,3,10,2024
4,1300,1330,null,null,FALSE,3,10,2024
4,1330,1400,picachuu,picachuu@email.com,TRUE,3,10,2024
4,1400,1430,admin,admin@email.com,TRUE,3,10,2024
4,1430,1500,null,null,FALSE,3,10,2024
4,1500,1530,null,null,FALSE,3,10,2024
4,1530,1600,null,null,FALSE,3,10,2024
4,1600,1630,stanstan50,stanstan50@email.com,TRUE,3,10,2024
4,1630,1700,admin,admin@email.com,TRUE,3,10,2024
4,1700,1730,null,null,FALSE,3,10,2024
4,1730,1800,null,null,FALSE,3,10,2024
4,1800,1830,null,null,FALSE,3,10,2024
4,1830,1900,null,null,FALSE,3,10,2024
4,1900,1930,null,null,FALSE,3,10,2024
4,1930,2000,null,null,FALSE,3,10,2024
4,2000,2030,stanstan50,stanstan50@email.com,TRUE,3,10,2024
4,2030,2100,picachuu,picachuu@email.com,TRUE,3,10,2024
4,2100,2130,null,null,FALSE,3,10,2024
4,2130,2200,null,null,FALSE,3,10,2024
4,2200,2230,null,null,FALSE,3,10,2024
4,2230,2300,stanstan50,stanstan50@email.com,TRUE,3,10,2024
4,2300,2330,picachuu,picachuu@email.com,TRUE,3,10,2024
4,2330,0,null,null,FALSE,3,10,2024
5,0,30,stanstan50,stanstan50@email.com,TRUE,3,10,2024
5,30,100,picachuu,picachuu@email.com,TRUE,3,10,2024
5,100,130,admin,admin@email.com,TRUE,3,10,2024
5,130,200,picachuu,picachuu@email.com,TRUE,3,10,2024
5,200,230,admin,admin@email.com,TRUE,3,10,2024
5,230,300,stanstan50,stanstan50@email.com,TRUE,3,10,2024
5,300,330,picachuu,picachuu@email.com,TRUE,3,10,2024
5,330,400,admin,admin@email.com,TRUE,3,10,2024
5,400,430,stanstan50,stanstan50@email.com,TRUE,3,10,2024
5,430,500,picachuu,picachuu@email.com,TRUE,3,10,2024
5,500,530,stanstan50,stanstan50@email.com,TRUE,3,10,2024
5,530,600,stanstan50,stanstan50@email.com,TRUE,3,10,2024
5,600,630,picachuu,picachuu@email.com,TRUE,3,10,2024
5,630,700,stanstan50,stanstan50@email.com,TRUE,3,10,2024
5,700,730,picachuu,picachuu@email.com,TRUE,3,10,2024
5,730,800,admin,admin@email.com,TRUE,3,10,2024
5,800,830,picachuu,picachuu@email.com,TRUE,3,10,2024
5,830,900,admin,admin@email.com,TRUE,3,10,2024
5,900,930,stanstan50,stanstan50@email.com,TRUE,3,10,2024
5,930,1000,picachuu,picachuu@email.com,TRUE,3,10,2024
5,1000,1030,admin,admin@email.com,TRUE,3,10,2024
5,1030,1100,picachuu,picachuu@email.com,TRUE,3,10,2024
5,1100,1130,admin,admin@email.com,TRUE,3,10,2024
5,1130,1200,stanstan50,stanstan50@email.com,TRUE,3,10,2024
5,1200,1230,picachuu,picachuu@email.com,TRUE,3,10,2024
5,1230,1300,stanstan50,stanstan50@email.com,TRUE,3,10,2024
5,1300,1330,picachuu,picachuu@email.com,TRUE,3,10,2024
5,1330,1400,admin,admin@email.com,TRUE,3,10,2024
5,1400,1430,picachuu,picachuu@email.com,TRUE,3,10,2024
5,1430,1500,admin,admin@email.com,TRUE,3,10,2024
5,1500,1530,stanstan50,stanstan50@email.com,TRUE,3,10,2024
5,1530,1600,picachuu,picachuu@email.com,TRUE,3,10,2024
5,1600,1630,admin,admin@email.com,TRUE,3,10,2024
5,1630,1700,picachuu,picachuu@email.com,TRUE,3,10,2024
5,1700,1730,admin,admin@email.com,TRUE,3,10,2024
5,1730,1800,stanstan50,stanstan50@email.com,TRUE,3,10,2024
5,1800,1830,picachuu,picachuu@email.com,TRUE,3,10,2024
5,1830,1900,stanstan50,stanstan50@email.com,TRUE,3,10,2024
5,1900,1930,picachuu,picachuu@email.com,TRUE,3,10,2024
5,1930,2000,admin,admin@email.com,TRUE,3,10,2024
5,2000,2030,picachuu,picachuu@email.com,TRUE,3,10,2024
5,2030,2100,admin,admin@email.com,TRUE,3,10,2024
5,2100,2130,stanstan50,stanstan50@email.com,TRUE,3,10,2024
5,2130,2200,admin,admin@email.com,TRUE,3,10,2024
5,2200,2230,picachuu,picachuu@email.com,TRUE,3,10,2024
5,2230,2300,admin,admin@email.com,TRUE,3,10,2024
5,2300,2330,stanstan50,stanstan50@email.com,TRUE,3,10,2024
5,2330,0,picachuu,picachuu@email.com,TRUE,3,10,2024
6,0,30,null,null,FALSE,3,10,2024
6,30,100,stanstan50,stanstan50@email.com,TRUE,3,10,2024
6,100,130,picachuu,picachuu@email.com,TRUE,3,10,2024
6,130,200,null,null,FALSE,3,10,2024
6,200,230,null,null,FALSE,3,10,2024
6,230,300,null,null,FALSE,3,10,2024
6,300,330,picachuu,picachuu@email.com,TRUE,3,10,2024
6,330,400,admin,admin@email.com,TRUE,3,10,2024
6,400,430,null,null,FALSE,3,10,2024
6,430,500,null,null,FALSE,3,10,2024
6,500,530,null,null,FALSE,3,10,2024
6,530,600,null,null,FALSE,3,10,2024
6,600,630,null,null,FALSE,3,10,2024
6,630,700,null,null,FALSE,3,10,2024
6,700,730,picachuu,picachuu@email.com,TRUE,3,10,2024
6,730,800,stanstan50,stanstan50@email.com,TRUE,3,10,2024
6,800,830,null,null,FALSE,3,10,2024
6,830,900,null,null,FALSE,3,10,2024
6,900,930,null,null,FALSE,3,10,2024
6,930,1000,admin,admin@email.com,TRUE,3,10,2024
6,1000,1030,stanstan50,stanstan50@email.com,TRUE,3,10,2024
6,1030,1100,null,null,FALSE,3,10,2024
6,1100,1130,null,null,FALSE,3,10,2024
6,1130,1200,null,null,FALSE,3,10,2024
6,1200,1230,null,null,FALSE,3,10,2024
6,1230,1300,null,null,FALSE,3,10,2024
6,1300,1330,null,null,FALSE,3,10,2024
6,1330,1400,picachuu,picachuu@email.com,TRUE,3,10,2024
6,1400,1430,admin,admin@email.com,TRUE,3,10,2024
6,1430,1500,null,null,FALSE,3,10,2024
6,1500,1530,null,null,FALSE,3,10,2024
6,1530,1600,null,null,FALSE,3,10,2024
6,1600,1630,stanstan50,stanstan50@email.com,TRUE,3,10,2024
6,1630,1700,admin,admin@email.com,TRUE,3,10,2024
6,1700,1730,null,null,FALSE,3,10,2024
6,1730,1800,null,null,FALSE,3,10,2024
6,1800,1830,null,null,FALSE,3,10,2024
6,1830,1900,null,null,FALSE,3,10,2024
6,1900,1930,null,null,FALSE,3,10,2024
6,1930,2000,null,null,FALSE,3,10,2024
6,2000,2030,stanstan50,stanstan50@email.com,TRUE,3,10,2024
6,2030,2100,picachuu,picachuu@email.com,TRUE,3,10,2024
6,2100,2130,null,null,FALSE,3,10,2024
6,2130,2200,null,null,FALSE,3,10,2024
6,2200,2230,null,null,FALSE,3,10,2024
6,2230,2300,stanstan50,stanstan50@email.com,TRUE,3,10,2024
6,2300,2330,picachuu,picachuu@email.com,TRUE,3,10,2024
6,2330,0,null,null,FALSE,3,10,2024
7,0,30,null,null,FALSE,3,10,2024
7,30,100,stanstan50,stanstan50@email.com,TRUE,3,10,2024
7,100,130,picachuu,picachuu@email.com,TRUE,3,10,2024
7,130,200,null,null,FALSE,3,10,2024
7,200,230,null,null,FALSE,3,10,2024
7,230,300,null,null,FALSE,3,10,2024
7,300,330,picachuu,picachuu@email.com,TRUE,3,10,2024
7,330,400,admin,admin@email.com,TRUE,3,10,2024
7,400,430,null,null,FALSE,3,10,2024
7,430,500,null,null,FALSE,3,10,2024
7,500,530,null,null,FALSE,3,10,2024
7,530,600,null,null,FALSE,3,10,2024
7,600,630,null,null,FALSE,3,10,2024
7,630,700,null,null,FALSE,3,10,2024
7,700,730,picachuu,picachuu@email.com,TRUE,3,10,2024
7,730,800,stanstan50,stanstan50@email.com,TRUE,3,10,2024
7,800,830,null,null,FALSE,3,10,2024
7,830,900,null,null,FALSE,3,10,2024
7,900,930,null,null,FALSE,3,10,2024
7,930,1000,admin,admin@email.com,TRUE,3,10,2024
7,1000,1030,stanstan50,stanstan50@email.com,TRUE,3,10,2024
7,1030,1100,null,null,FALSE,3,10,2024
7,1100,1130,null,null,FALSE,3,10,2024
7,1130,1200,null,null,FALSE,3,10,2024
7,1200,1230,null,null,FALSE,3,10,2024
7,1230,1300,null,null,FALSE,3,10,2024
7,1300,1330,null,null,FALSE,3,10,2024
7,1330,1400,picachuu,picachuu@email.com,TRUE,3,10,2024
7,1400,1430,admin,admin@email.com,TRUE,3,10,2024
7,1430,1500,null,null,FALSE,3,10,2024
7,1500,1530,null,null,FALSE,3,10,2024
7,1530,1600,null,null,FALSE,3,10,2024
7,1600,1630,stanstan50,stanstan50@email.com,TRUE,3,10,2024
7,1630,1700,admin,admin@email.com,TRUE,3,10,2024
7,1700,1730,null,null,FALSE,3,10,2024
7,1730,1800,null,null,FALSE,3,10,2024
7,1800,1830,null,null,FALSE,3,10,2024
7,1830,1900,null,null,FALSE,3,10,2024
7,1900,1930,null,null,FALSE,3,10,2024
7,1930,2000,null,null,FALSE,3,10,2024
7,2000,2030,stanstan50,stanstan50@email.com,TRUE,3,10,2024
7,2030,2100,picachuu,picachuu@email.com,TRUE,3,10,2024
7,2100,2130,null,null,FALSE,3,10,2024
7,2130,2200,null,null,FALSE,3,10,2024
7,2200,2230,null,null,FALSE,3,10,2024
7,2230,2300,stanstan50,stanstan50@email.com,TRUE,3,10,2024
7,2300,2330,picachuu,picachuu@email.com,TRUE,3,10,2024
7,2330,0,null,null,FALSE,3,10,2024
8,0,30,null,null,FALSE,3,10,2024
8,30,100,stanstan50,stanstan50@email.com,TRUE,3,10,2024
8,100,130,picachuu,picachuu@email.com,TRUE,3,10,2024
8,130,200,null,null,FALSE,3,10,2024
8,200,230,null,null,FALSE,3,10,2024
8,230,300,null,null,FALSE,3,10,2024
8,300,330,picachuu,picachuu@email.com,TRUE,3,10,2024
8,330,400,admin,admin@email.com,TRUE,3,10,2024
8,400,430,null,null,FALSE,3,10,2024
8,430,500,null,null,FALSE,3,10,2024
8,500,530,null,null,FALSE,3,10,2024
8,530,600,null,null,FALSE,3,10,2024
8,600,630,null,null,FALSE,3,10,2024
8,630,700,null,null,FALSE,3,10,2024
8,700,730,picachuu,picachuu@email.com,TRUE,3,10,2024
8,730,800,stanstan50,stanstan50@email.com,TRUE,3,10,2024
8,800,830,null,null,FALSE,3,10,2024
8,830,900,null,null,FALSE,3,10,2024
8,900,930,null,null,FALSE,3,10,2024
8,930,1000,admin,admin@email.com,TRUE,3,10,2024
8,1000,1030,stanstan50,stanstan50@email.com,TRUE,3,10,2024
8,1030,1100,null,null,FALSE,3,10,2024
8,1100,1130,null,null,FALSE,3,10,2024
8,1130,1200,null,null,FALSE,3,10,2024
8,1200,1230,null,null,FALSE,3,10,2024
8,1230,1300,null,null,FALSE,3,10,2024
8,1300,1330,null,null,FALSE,3,10,2024
8,1330,1400,picachuu,picachuu@email.com,TRUE,3,10,2024
8,1400,1430,admin,admin@email.com,TRUE,3,10,2024
8,1430,1500,null,null,FALSE,3,10,2024
8,1500,1530,null,null,FALSE,3,10,2024
8,1530,1600,null,null,FALSE,3,10,2024
8,1600,1630,stanstan50,stanstan50@email.com,TRUE,3,10,2024
8,1630,1700,admin,admin@email.com,TRUE,3,10,2024
8,1700,1730,null,null,FALSE,3,10,2024
8,1730,1800,null,null,FALSE,3,10,2024
8,1800,1830,null,null,FALSE,3,10,2024
8,1830,1900,null,null,FALSE,3,10,2024
8,1900,1930,null,null,FALSE,3,10,2024
8,1930,2000,null,null,FALSE,3,10,2024
8,2000,2030,stanstan50,stanstan50@email.com,TRUE,3,10,2024
8,2030,2100,picachuu,picachuu@email.com,TRUE,3,10,2024
8,2100,2130,null,null,FALSE,3,10,2024
8,2130,2200,null,null,FALSE,3,10,2024
8,2200,2230,null,null,FALSE,3,10,2024
8,2230,2300,stanstan50,stanstan50@email.com,TRUE,3,10,2024
8,2300,2330,picachuu,picachuu@email.com,TRUE,3,10,2024
8,2330,0,null,null,FALSE,3,10,2024
9,0,30,null,null,FALSE,3,10,2024
9,30,100,stanstan50,stanstan50@email.com,TRUE,3,10,2024
9,100,130,picachuu,picachuu@email.com,TRUE,3,10,2024
9,130,200,null,null,FALSE,3,10,2024
9,200,230,null,null,FALSE,3,10,2024
9,230,300,null,null,FALSE,3,10,2024
9,300,330,picachuu,picachuu@email.com,TRUE,3,10,2024
9,330,400,admin,admin@email.com,TRUE,3,10,2024
9,400,430,null,null,FALSE,3,10,2024
9,430,500,null,null,FALSE,3,10,2024
9,500,530,null,null,FALSE,3,10,2024
9,530,600,null,null,FALSE,3,10,2024
9,600,630,null,null,FALSE,3,10,2024
9,630,700,null,null,FALSE,3,10,2024
9,700,730,picachuu,picachuu@email.com,TRUE,3,10,2024
9,730,800,stanstan50,stanstan50@email.com,TRUE,3,10,2024
9,800,830,null,null,FALSE,3,10,2024
9,830,900,null,null,FALSE,3,10,2024
9,900,930,null,null,FALSE,3,10,2024
9,930,1000,admin,admin@email.com,TRUE,3,10,2024
9,1000,1030,stanstan50,stanstan50@email.com,TRUE,3,10,2024
9,1030,1100,null,null,FALSE,3,10,2024
9,1100,1130,null,null,FALSE,3,10,2024
9,1130,1200,null,null,FALSE,3,10,2024
9,1200,1230,null,null,FALSE,3,10,2024
9,1230,1300,null,null,FALSE,3,10,2024
9,1300,1330,null,null,FALSE,3,10,2024
9,1330,1400,picachuu,picachuu@email.com,TRUE,3,10,2024
9,1400,1430,admin,admin@email.com,TRUE,3,10,2024
9,1430,1500,null,null,FALSE,3,10,2024
9,1500,1530,null,null,FALSE,3,10,2024
9,1530,1600,null,null,FALSE,3,10,2024
9,1600,1630,stanstan50,stanstan50@email.com,TRUE,3,10,2024
9,1630,1700,admin,admin@email.com,TRUE,3,10,2024
9,1700,1730,null,null,FALSE,3,10,2024
9,1730,1800,null,null,FALSE,3,10,2024
9,1800,1830,null,null,FALSE,3,10,2024
9,1830,1900,null,null,FALSE,3,10,2024
9,1900,1930,null,null,FALSE,3,10,2024
9,1930,2000,null,null,FALSE,3,10,2024
9,2000,2030,stanstan50,stanstan50@email.com,TRUE,3,10,2024
9,2030,2100,picachuu,picachuu@email.com,TRUE,3,10,2024
9,2100,2130,null,null,FALSE,3,10,2024
9,2130,2200,null,null,FALSE,3,10,2024
9,2200,2230,null,null,FALSE,3,10,2024
9,2230,2300,stanstan50,stanstan50@email.com,TRUE,3,10,2024
9,2300,2330,picachuu,picachuu@email.com,TRUE,3,10,2024
9,2330,0,null,null,FALSE,3,10,2024
10,0,30,null,null,FALSE,3,10,2024
10,30,100,stanstan50,stanstan50@email.com,TRUE,3,10,2024
10,100,130,picachuu,picachuu@email.com,TRUE,3,10,2024
10,130,200,null,null,FALSE,3,10,2024
10,200,230,null,null,FALSE,3,10,2024
10,230,300,null,null,FALSE,3,10,2024
10,300,330,picachuu,picachuu@email.com,TRUE,3,10,2024
10,330,400,admin,admin@email.com,TRUE,3,10,2024
10,400,430,null,null,FALSE,3,10,2024
10,430,500,null,null,FALSE,3,10,2024
10,500,530,null,null,FALSE,3,10,2024
10,530,600,null,null,FALSE,3,10,2024
10,600,630,null,null,FALSE,3,10,2024
10,630,700,null,null,FALSE,3,10,2024
10,700,730,picachuu,picachuu@email.com,TRUE,3,10,2024
10,730,800,stanstan50,stanstan50@email.com,TRUE,3,10,2024
10,800,830,null,null,FALSE,3,10,2024
10,830,900,null,null,FALSE,3,10,2024
10,900,930,null,null,FALSE,3,10,2024
10,930,1000,admin,admin@email.com,TRUE,3,10,2024
10,1000,1030,stanstan50,stanstan50@email.com,TRUE,3,10,2024
10,1030,1100,null,null,FALSE,3,10,2024
10,1100,1130,null,null,FALSE,3,10,2024
10,1130,1200,null,null,FALSE,3,10,2024
10,1200,1230,null,null,FALSE,3,10,2024
10,1230,1300,null,null,FALSE,3,10,2024
10,1300,1330,null,null,FALSE,3,10,2024
10,1330,1400,picachuu,picachuu@email.com,TRUE,3,10,2024
10,1400,1430,admin,admin@email.com,TRUE,3,10,2024
10,1430,1500,null,null,FALSE,3,10,2024
10,1500,1530,null,null,FALSE,3,10,2024
10,1530,1600,null,null,FALSE,3,10,2024
10,1600,1630,stanstan50,stanstan50@email.com,TRUE,3,10,2024
10,1630,1700,admin,admin@email.com,TRUE,3,10,2024
10,1700,1730,null,null,FALSE,3,10,2024
10,1730,1800,null,null,FALSE,3,10,2024
10,1800,1830,null,null,FALSE,3,10,2024
10,1830,1900,null,null,FALSE,3,10,2024
10,1900,1930,null,null,FALSE,3,10,2024
10,1930,2000,null,null,FALSE,3,10,2024
10,2000,2030,stanstan50,stanstan50@email.com,TRUE,3,10,2024
10,2030,2100,picachuu,picachuu@email.com,TRUE,3,10,2024
10,2100,2130,null,null,FALSE,3,10,2024
10,2130,2200,null,null,FALSE,3,10,2024
10,2200,2230,null,null,FALSE,3,10,2024
10,2230,2300,stanstan50,stanstan50@email.com,TRUE,3,10,2024
10,2300,2330,picachuu,picachuu@email.com,TRUE,3,10,2024
10,2330,0,null,null,FALSE,3,10,2024
11,0,30,null,null,FALSE,3,10,2024
11,30,100,stanstan50,stanstan50@email.com,TRUE,3,10,2024
11,100,130,picachuu,picachuu@email.com,TRUE,3,10,2024
11,130,200,null,null,FALSE,3,10,2024
11,200,230,null,null,FALSE,3,10,2024
11,230,300,null,null,FALSE,3,10,2024
11,300,330,picachuu,picachuu@email.com,TRUE,3,10,2024
11,330,400,admin,admin@email.com,TRUE,3,10,2024
11,400,430,null,null,FALSE,3,10,2024
11,430,500,null,null,FALSE,3,10,2024
11,500,530,null,null,FALSE,3,10,2024
11,530,600,null,null,FALSE,3,10,2024
11,600,630,null,null,FALSE,3,10,2024
11,630,700,null,null,FALSE,3,10,2024
11,700,730,picachuu,picachuu@email.com,TRUE,3,10,2024
11,730,800,stanstan50,stanstan50@email.com,TRUE,3,10,2024
11,800,830,null,null,FALSE,3,10,2024
11,830,900,null,null,FALSE,3,10,2024
11,900,930,null,null,FALSE,3,10,2024
11,930,1000,admin,admin@email.com,TRUE,3,10,2024
11,1000,1030,stanstan50,stanstan50@email.com,TRUE,3,10,2024
11,1030,1100,null,null,FALSE,3,10,2024
11,1100,1130,null,null,FALSE,3,10,2024
11,1130,1200,null,null,FALSE,3,10,2024
11,1200,1230,null,null,FALSE,3,10,2024
11,1230,1300,null,null,FALSE,3,10,2024
11,1300,1330,null,null,FALSE,3,10,2024
11,1330,1400,picachuu,picachuu@email.com,TRUE,3,10,2024
11,1400,1430,admin,admin@email.com,TRUE,3,10,2024
11,1430,1500,null,null,FALSE,3,10,2024
11,1500,1530,null,null,FALSE,3,10,2024
11,1530,1600,null,null,FALSE,3,10,2024
11,1600,1630,stanstan50,stanstan50@email.com,TRUE,3,10,2024
11,1630,1700,admin,admin@email.com,TRUE,3,10,2024
11,1700,1730,null,null,FALSE,3,10,2024
11,1730,1800,null,null,FALSE,3,10,2024
11,1800,1830,null,null,FALSE,3,10,2024
11,1830,1900,null,null,FALSE,3,10,2024
11,1900,1930,null,null,FALSE,3,10,2024
11,1930,2000,null,null,FALSE,3,10,2024
11,2000,2030,stanstan50,stanstan50@email.com,TRUE,3,10,2024
11,2030,2100,picachuu,picachuu@email.com,TRUE,3,10,2024
11,2100,2130,null,null,FALSE,3,10,2024
11,2130,2200,null,null,FALSE,3,10,2024
11,2200,2230,null,null,FALSE,3,10,2024
11,2230,2300,stanstan50,stanstan50@email.com,TRUE,3,10,2024
11,2300,2330,picachuu,picachuu@email.com,TRUE,3,10,2024
11,2330,0,null,null,FALSE,3,10,2024
12,0,30,null,null,FALSE,3,10,2024
12,30,100,stanstan50,stanstan50@email.com,TRUE,3,10,2024
12,100,130,picachuu,picachuu@email.com,TRUE,3,10,2024
12,130,200,null,null,FALSE,3,10,2024
12,200,230,null,null,FALSE,3,10,2024
12,230,300,null,null,FALSE,3,10,2024
12,300,330,picachuu,picachuu@email.com,TRUE,3,10,2024
12,330,400,admin,admin@email.com,TRUE,3,10,2024
12,400,430,null,null,FALSE,3,10,2024
12,430,500,null,null,FALSE,3,10,2024
12,500,530,null,null,FALSE,3,10,2024
12,530,600,null,null,FALSE,3,10,2024
12,600,630,null,null,FALSE,3,10,2024
12,630,700,null,null,FALSE,3,10,2024
12,700,730,picachuu,picachuu@email.com,TRUE,3,10,2024
12,730,800,stanstan50,stanstan50@email.com,TRUE,3,10,2024
12,800,830,null,null,FALSE,3,10,2024
12,830,900,null,null,FALSE,3,10,2024
12,900,930,null,null,FALSE,3,10,2024
12,930,1000,admin,admin@email.com,TRUE,3,10,2024
12,1000,1030,stanstan50,stanstan50@email.com,TRUE,3,10,2024
12,1030,1100,null,null,FALSE,3,10,2024
12,1100,1130,null,null,FALSE,3,10,2024
12,1130,1200,null,null,FALSE,3,10,2024
12,1200,1230,null,null,FALSE,3,10,2024
12,1230,1300,null,null,FALSE,3,10,2024
12,1300,1330,null,null,FALSE,3,10,2024
12,1330,1400,picachuu,picachuu@email.com,TRUE,3,10,2024
12,1400,1430,admin,admin@email.com,TRUE,3,10,2024
12,1430,1500,null,null,FALSE,3,10,2024
12,1500,1530,null,null,FALSE,3,10,2024
12,1530,1600,null,null,FALSE,3,10,2024
12,1600,1630,stanstan50,stanstan50@email.com,TRUE,3,10,2024
12,1630,1700,admin,admin@email.com,TRUE,3,10,2024
12,1700,1730,null,null,FALSE,3,10,2024
12,1730,1800,null,null,FALSE,3,10,2024
12,1800,1830,null,null,FALSE,3,10,2024
12,1830,1900,null,null,FALSE,3,10,2024
12,1900,1930,null,null,FALSE,3,10,2024
12,1930,2000,null,null,FALSE,3,10,2024
12,2000,2030,stanstan50,stanstan50@email.com,TRUE,3,10,2024
12,2030,2100,picachuu,picachuu@email.com,TRUE,3,10,2024
12,2100,2130,null,null,FALSE,3,10,2024
12,2130,2200,null,null,FALSE,3,10,2024
12,2200,2230,null,null,FALSE,3,10,2024
12,2230,2300,stanstan50,stanstan50@email.com,TRUE,3,10,2024
12,2300,2330,picachuu,picachuu@email.com,TRUE,3,10,2024
12,2330,0,null,null,FALSE,3,10,2024
13,0,30,null,null,FALSE,3,10,2024
13,30,100,stanstan50,stanstan50@email.com,TRUE,3,10,2024
13,100,130,picachuu,picachuu@email.com,TRUE,3,10,2024
13,130,200,null,null,FALSE,3,10,2024
13,200,230,null,null,FALSE,3,10,2024
13,230,300,null,null,FALSE,3,10,2024
13,300,330,picachuu,picachuu@email.com,TRUE,3,10,2024
13,330,400,admin,admin@email.com,TRUE,3,10,2024
13,400,430,null,null,FALSE,3,10,2024
13,430,500,null,null,FALSE,3,10,2024
13,500,530,null,null,FALSE,3,10,2024
13,530,600,null,null,FALSE,3,10,2024
13,600,630,null,null,FALSE,3,10,2024
13,630,700,null,null,FALSE,3,10,2024
13,700,730,picachuu,picachuu@email.com,TRUE,3,10,2024
13,730,800,stanstan50,stanstan50@email.com,TRUE,3,10,2024
13,800,830,null,null,FALSE,3,10,2024
13,830,900,null,null,FALSE,3,10,2024
13,900,930,null,null,FALSE,3,10,2024
13,930,1000,admin,admin@email.com,TRUE,3,10,2024
13,1000,1030,stanstan50,stanstan50@email.com,TRUE,3,10,2024
13,1030,1100,null,null,FALSE,3,10,2024
13,1100,1130,null,null,FALSE,3,10,2024
13,1130,1200,null,null,FALSE,3,10,2024
13,1200,1230,null,null,FALSE,3,10,2024
13,1230,1300,null,null,FALSE,3,10,2024
13,1300,1330,null,null,FALSE,3,10,2024
13,1330,1400,picachuu,picachuu@email.com,TRUE,3,10,2024
13,1400,1430,admin,admin@email.com,TRUE,3,10,2024
13,1430,1500,null,null,FALSE,3,10,2024
13,1500,1530,null,null,FALSE,3,10,2024
13,1530,1600,null,null,FALSE,3,10,2024
13,1600,1630,stanstan50,stanstan50@email.com,TRUE,3,10,2024
13,1630,1700,admin,admin@email.com,TRUE,3,10,2024
13,1700,1730,null,null,FALSE,3,10,2024
13,1730,1800,null,null,FALSE,3,10,2024
13,1800,1830,null,null,FALSE,3,10,2024
13,1830,1900,null,null,FALSE,3,10,2024
13,1900,1930,null,null,FALSE,3,10,2024
13,1930,2000,null,null,FALSE,3,10,2024
13,2000,2030,stanstan50,stanstan50@email.com,TRUE,3,10,2024
13,2030,2100,picachuu,picachuu@email.com,TRUE,3,10,2024
13,2100,2130,null,null,FALSE,3,10,2024
13,2130,2200,null,null,FALSE,3,10,2024
13,2200,2230,null,null,FALSE,3,10,2024
13,2230,2300,stanstan50,stanstan50@email.com,TRUE,3,10,2024
13,2300,2330,picachuu,picachuu@email.com,TRUE,3,10,2024
13,2330,0,null,null,FALSE,3,10,2024
14,0,30,null,null,FALSE,3,10,2024
14,30,100,stanstan50,stanstan50@email.com,TRUE,3,10,2024
14,100,130,picachuu,picachuu@email.com,TRUE,3,10,2024
14,130,200,null,null,FALSE,3,10,2024
14,200,230,null,null,FALSE,3,10,2024
14,230,300,null,null,FALSE,3,10,2024
14,300,330,picachuu,picachuu@email.com,TRUE,3,10,2024
14,330,400,admin,admin@email.com,TRUE,3,10,2024
14,400,430,null,null,FALSE,3,10,2024
14,430,500,null,null,FALSE,3,10,2024
14,500,530,null,null,FALSE,3,10,2024
14,530,600,null,null,FALSE,3,10,2024
14,600,630,null,null,FALSE,3,10,2024
14,630,700,null,null,FALSE,3,10,2024
14,700,730,picachuu,picachuu@email.com,TRUE,3,10,2024
14,730,800,stanstan50,stanstan50@email.com,TRUE,3,10,2024
14,800,830,null,null,FALSE,3,10,2024
14,830,900,null,null,FALSE,3,10,2024
14,900,930,null,null,FALSE,3,10,2024
14,930,1000,admin,admin@email.com,TRUE,3,10,2024
14,1000,1030,stanstan50,stanstan50@email.com,TRUE,3,10,2024
14,1030,1100,null,null,FALSE,3,10,2024
14,1100,1130,null,null,FALSE,3,10,2024
14,1130,1200,null,null,FALSE,3,10,2024
14,1200,1230,null,null,FALSE,3,10,2024
14,1230,1300,null,null,FALSE,3,10,2024
14,1300,1330,null,null,FALSE,3,10,2024
14,1330,1400,picachuu,picachuu@email.com,TRUE,3,10,2024
14,1400,1430,admin,admin@email.com,TRUE,3,10,2024
14,1430,1500,null,null,FALSE,3,10,2024
14,1500,1530,null,null,FALSE,3,10,2024
14,1530,1600,null,null,FALSE,3,10,2024
14,1600,1630,stanstan50,stanstan50@email.com,TRUE,3,10,2024
14,1630,1700,admin,admin@email.com,TRUE,3,10,2024
14,1700,1730,null,null,FALSE,3,10,2024
14,1730,1800,null,null,FALSE,3,10,2024
14,1800,1830,null,null,FALSE,3,10,2024
14,1830,1900,null,null,FALSE,3,10,2024
14,1900,1930,null,null,FALSE,3,10,2024
14,1930,2000,null,null,FALSE,3,10,2024
14,2000,2030,stanstan50,stanstan50@email.com,TRUE,3,10,2024
14,2030,2100,picachuu,picachuu@email.com,TRUE,3,10,2024
14,2100,2130,null,null,FALSE,3,10,2024
14,2130,2200,null,null,FALSE,3,10,2024
14,2200,2230,null,null,FALSE,3,10,2024
14,2230,2300,stanstan50,stanstan50@email.com,TRUE,3,10,2024
14,2300,2330,picachuu,picachuu@email.com,TRUE,3,10,2024
14,2330,0,null,null,FALSE,3,10,2024
15,0,30,null,null,FALSE,3,10,2024
15,30,100,stanstan50,stanstan50@email.com,TRUE,3,10,2024
15,100,130,picachuu,picachuu@email.com,TRUE,3,10,2024
15,130,200,null,null,FALSE,3,10,2024
15,200,230,null,null,FALSE,3,10,2024
15,230,300,null,null,FALSE,3,10,2024
15,300,330,picachuu,picachuu@email.com,TRUE,3,10,2024
15,330,400,admin,admin@email.com,TRUE,3,10,2024
15,400,430,null,null,FALSE,3,10,2024
15,430,500,null,null,FALSE,3,10,2024
15,500,530,null,null,FALSE,3,10,2024
15,530,600,null,null,FALSE,3,10,2024
15,600,630,null,null,FALSE,3,10,2024
15,630,700,null,null,FALSE,3,10,2024
15,700,730,picachuu,picachuu@email.com,TRUE,3,10,2024
15,730,800,stanstan50,stanstan50@email.com,TRUE,3,10,2024
15,800,830,null,null,FALSE,3,10,2024
15,830,900,null,null,FALSE,3,10,2024
15,900,930,null,null,FALSE,3,10,2024
15,930,1000,admin,admin@email.com,TRUE,3,10,2024
15,1000,1030,stanstan50,stanstan50@email.com,TRUE,3,10,2024
15,1030,1100,null,null,FALSE,3,10,2024
15,1100,1130,null,null,FALSE,3,10,2024
15,1130,1200,null,null,FALSE,3,10,2024
15,1200,1230,null,null,FALSE,3,10,2024
15,1230,1300,null,null,FALSE,3,10,2024
15,1300,1330,null,null,FALSE,3,10,2024
15,1330,1400,picachuu,picachuu@email.com,TRUE,3,10,2024
15,1400,1430,admin,admin@email.com,TRUE,3,10,2024
15,1430,1500,null,null,FALSE,3,10,2024
15,1500,1530,null,null,FALSE,3,10,2024
15,1530,1600,null,null,FALSE,3,10,2024
15,1600,1630,stanstan50,stanstan50@email.com,TRUE,3,10,2024
15,1630,1700,admin,admin@email.com,TRUE,3,10,2024
15,1700,1730,null,null,FALSE,3,10,2024
15,1730,1800,null,null,FALSE,3,10,2024
15,1800,1830,null,null,FALSE,3,10,2024
15,1830,1900,null,null,FALSE,3,10,2024
15,1900,1930,null,null,FALSE,3,10,2024
15,1930,2000,null,null,FALSE,3,10,2024
15,2000,2030,stanstan50,stanstan50@email.com,TRUE,3,10,2024
15,2030,2100,picachuu,picachuu@email.com,TRUE,3,10,2024
15,2100,2130,null,null,FALSE,3,10,2024
15,2130,2200,null,null,FALSE,3,10,2024
15,2200,2230,null,null,FALSE,3,10,2024
15,2230,2300,stanstan50,stanstan50@email.com,TRUE,3,10,2024
15,2300,2330,picachuu,picachuu@email.com,TRUE,3,10,2024
15,2330,0,null,null,FALSE,3,10,2024
1,0,30,stanstan50,stanstan50@email.com,TRUE,3,11,2024
1,30,100,picachuu,picachuu@email.com,TRUE,3,11,2024
1,100,130,admin,admin@email.com,TRUE,3,11,2024
1,130,200,picachuu,picachuu@email.com,TRUE,3,11,2024
1,200,230,admin,admin@email.com,TRUE,3,11,2024
1,230,300,stanstan50,stanstan50@email.com,TRUE,3,11,2024
1,300,330,picachuu,picachuu@email.com,TRUE,3,11,2024
1,330,400,admin,admin@email.com,TRUE,3,11,2024
1,400,430,stanstan50,stanstan50@email.com,TRUE,3,11,2024
1,430,500,picachuu,picachuu@email.com,TRUE,3,11,2024
1,500,530,stanstan50,stanstan50@email.com,TRUE,3,11,2024
1,530,600,stanstan50,stanstan50@email.com,TRUE,3,11,2024
1,600,630,picachuu,picachuu@email.com,TRUE,3,11,2024
1,630,700,stanstan50,stanstan50@email.com,TRUE,3,11,2024
1,700,730,picachuu,picachuu@email.com,TRUE,3,11,2024
1,730,800,admin,admin@email.com,TRUE,3,11,2024
1,800,830,picachuu,picachuu@email.com,TRUE,3,11,2024
1,830,900,admin,admin@email.com,TRUE,3,11,2024
1,900,930,stanstan50,stanstan50@email.com,TRUE,3,11,2024
1,930,1000,picachuu,picachuu@email.com,TRUE,3,11,2024
1,1000,1030,admin,admin@email.com,TRUE,3,11,2024
1,1030,1100,picachuu,picachuu@email.com,TRUE,3,11,2024
1,1100,1130,admin,admin@email.com,TRUE,3,11,2024
1,1130,1200,stanstan50,stanstan50@email.com,TRUE,3,11,2024
1,1200,1230,picachuu,picachuu@email.com,TRUE,3,11,2024
1,1230,1300,stanstan50,stanstan50@email.com,TRUE,3,11,2024
1,1300,1330,picachuu,picachuu@email.com,TRUE,3,11,2024
1,1330,1400,admin,admin@email.com,TRUE,3,11,2024
1,1400,1430,picachuu,picachuu@email.com,TRUE,3,11,2024
1,1430,1500,admin,admin@email.com,TRUE,3,11,2024
1,1500,1530,stanstan50,stanstan50@email.com,TRUE,3,11,2024
1,1530,1600,picachuu,picachuu@email.com,TRUE,3,11,2024
1,1600,1630,admin,admin@email.com,TRUE,3,11,2024
1,1630,1700,picachuu,picachuu@email.com,TRUE,3,11,2024
1,1700,1730,admin,admin@email.com,TRUE,3,11,2024
1,1730,1800,stanstan50,stanstan50@email.com,TRUE,3,11,2024
1,1800,1830,picachuu,picachuu@email.com,TRUE,3,11,2024
1,1830,1900,stanstan50,stanstan50@email.com,TRUE,3,11,2024
1,1900,1930,picachuu,picachuu@email.com,TRUE,3,11,2024
1,1930,2000,admin,admin@email.com,TRUE,3,11,2024
1,2000,2030,picachuu,picachuu@email.com,TRUE,3,11,2024
1,2030,2100,admin,admin@email.com,TRUE,3,11,2024
1,2100,2130,stanstan50,stanstan50@email.com,TRUE,3,11,2024
1,2130,2200,admin,admin@email.com,TRUE,3,11,2024
1,2200,2230,picachuu,picachuu@email.com,TRUE,3,11,2024
1,2230,2300,admin,admin@email.com,TRUE,3,11,2024
1,2300,2330,stanstan50,stanstan50@email.com,TRUE,3,11,2024
1,2330,0,picachuu,picachuu@email.com,TRUE,3,11,2024
2,0,30,null,null,FALSE,3,11,2024
2,30,100,stanstan50,stanstan50@email.com,TRUE,3,11,2024
2,100,130,picachuu,picachuu@email.com,TRUE,3,11,2024
2,130,200,null,null,FALSE,3,11,2024
2,200,230,null,null,FALSE,3,11,2024
2,230,300,null,null,FALSE,3,11,2024
2,300,330,picachuu,picachuu@email.com,TRUE,3,11,2024
2,330,400,admin,admin@email.com,TRUE,3,11,2024
2,400,430,null,null,FALSE,3,11,2024
2,430,500,null,null,FALSE,3,11,2024
2,500,530,null,null,FALSE,3,11,2024
2,530,600,null,null,FALSE,3,11,2024
2,600,630,null,null,FALSE,3,11,2024
2,630,700,null,null,FALSE,3,11,2024
2,700,730,picachuu,picachuu@email.com,TRUE,3,11,2024
2,730,800,stanstan50,stanstan50@email.com,TRUE,3,11,2024
2,800,830,null,null,FALSE,3,11,2024
2,830,900,null,null,FALSE,3,11,2024
2,900,930,null,null,FALSE,3,11,2024
2,930,1000,admin,admin@email.com,TRUE,3,11,2024
2,1000,1030,stanstan50,stanstan50@email.com,TRUE,3,11,2024
2,1030,1100,null,null,FALSE,3,11,2024
2,1100,1130,null,null,FALSE,3,11,2024
2,1130,1200,null,null,FALSE,3,11,2024
2,1200,1230,null,null,FALSE,3,11,2024
2,1230,1300,null,null,FALSE,3,11,2024
2,1300,1330,null,null,FALSE,3,11,2024
2,1330,1400,picachuu,picachuu@email.com,TRUE,3,11,2024
2,1400,1430,admin,admin@email.com,TRUE,3,11,2024
2,1430,1500,null,null,FALSE,3,11,2024
2,1500,1530,null,null,FALSE,3,11,2024
2,1530,1600,null,null,FALSE,3,11,2024
2,1600,1630,stanstan50,stanstan50@email.com,TRUE,3,11,2024
2,1630,1700,admin,admin@email.com,TRUE,3,11,2024
2,1700,1730,null,null,FALSE,3,11,2024
2,1730,1800,null,null,FALSE,3,11,2024
2,1800,1830,null,null,FALSE,3,11,2024
2,1830,1900,null,null,FALSE,3,11,2024
2,1900,1930,null,null,FALSE,3,11,2024
2,1930,2000,null,null,FALSE,3,11,2024
2,2000,2030,stanstan50,stanstan50@email.com,TRUE,3,11,2024
2,2030,2100,picachuu,picachuu@email.com,TRUE,3,11,2024
2,2100,2130,null,null,FALSE,3,11,2024
2,2130,2200,null,null,FALSE,3,11,2024
2,2200,2230,null,null,FALSE,3,11,2024
2,2230,2300,stanstan50,stanstan50@email.com,TRUE,3,11,2024
2,2300,2330,picachuu,picachuu@email.com,TRUE,3,11,2024
2,2330,0,null,null,FALSE,3,11,2024
3,0,30,null,null,FALSE,3,11,2024
3,30,100,stanstan50,stanstan50@email.com,TRUE,3,11,2024
3,100,130,picachuu,picachuu@email.com,TRUE,3,11,2024
3,130,200,null,null,FALSE,3,11,2024
3,200,230,null,null,FALSE,3,11,2024
3,230,300,null,null,FALSE,3,11,2024
3,300,330,picachuu,picachuu@email.com,TRUE,3,11,2024
3,330,400,admin,admin@email.com,TRUE,3,11,2024
3,400,430,null,null,FALSE,3,11,2024
3,430,500,null,null,FALSE,3,11,2024
3,500,530,null,null,FALSE,3,11,2024
3,530,600,null,null,FALSE,3,11,2024
3,600,630,null,null,FALSE,3,11,2024
3,630,700,null,null,FALSE,3,11,2024
3,700,730,picachuu,picachuu@email.com,TRUE,3,11,2024
3,730,800,stanstan50,stanstan50@email.com,TRUE,3,11,2024
3,800,830,null,null,FALSE,3,11,2024
3,830,900,null,null,FALSE,3,11,2024
3,900,930,null,null,FALSE,3,11,2024
3,930,1000,admin,admin@email.com,TRUE,3,11,2024
3,1000,1030,stanstan50,stanstan50@email.com,TRUE,3,11,2024
3,1030,1100,null,null,FALSE,3,11,2024
3,1100,1130,null,null,FALSE,3,11,2024
3,1130,1200,null,null,FALSE,3,11,2024
3,1200,1230,null,null,FALSE,3,11,2024
3,1230,1300,null,null,FALSE,3,11,2024
3,1300,1330,null,null,FALSE,3,11,2024
3,1330,1400,picachuu,picachuu@email.com,TRUE,3,11,2024
3,1400,1430,admin,admin@email.com,TRUE,3,11,2024
3,1430,1500,null,null,FALSE,3,11,2024
3,1500,1530,null,null,FALSE,3,11,2024
3,1530,1600,null,null,FALSE,3,11,2024
3,1600,1630,stanstan50,stanstan50@email.com,TRUE,3,11,2024
3,1630,1700,admin,admin@email.com,TRUE,3,11,2024
3,1700,1730,null,null,FALSE,3,11,2024
3,1730,1800,null,null,FALSE,3,11,2024
3,1800,1830,null,null,FALSE,3,11,2024
3,1830,1900,null,null,FALSE,3,11,2024
3,1900,1930,null,null,FALSE,3,11,2024
3,1930,2000,null,null,FALSE,3,11,2024
3,2000,2030,stanstan50,stanstan50@email.com,TRUE,3,11,2024
3,2030,2100,picachuu,picachuu@email.com,TRUE,3,11,2024
3,2100,2130,null,null,FALSE,3,11,2024
3,2130,2200,null,null,FALSE,3,11,2024
3,2200,2230,null,null,FALSE,3,11,2024
3,2230,2300,stanstan50,stanstan50@email.com,TRUE,3,11,2024
3,2300,2330,picachuu,picachuu@email.com,TRUE,3,11,2024
3,2330,0,null,null,FALSE,3,11,2024
4,0,30,null,null,FALSE,3,11,2024
4,30,100,stanstan50,stanstan50@email.com,TRUE,3,11,2024
4,100,130,picachuu,picachuu@email.com,TRUE,3,11,2024
4,130,200,null,null,FALSE,3,11,2024
4,200,230,null,null,FALSE,3,11,2024
4,230,300,null,null,FALSE,3,11,2024
4,300,330,picachuu,picachuu@email.com,TRUE,3,11,2024
4,330,400,admin,admin@email.com,TRUE,3,11,2024
4,400,430,null,null,FALSE,3,11,2024
4,430,500,null,null,FALSE,3,11,2024
4,500,530,null,null,FALSE,3,11,2024
4,530,600,null,null,FALSE,3,11,2024
4,600,630,null,null,FALSE,3,11,2024
4,630,700,null,null,FALSE,3,11,2024
4,700,730,picachuu,picachuu@email.com,TRUE,3,11,2024
4,730,800,stanstan50,stanstan50@email.com,TRUE,3,11,2024
4,800,830,null,null,FALSE,3,11,2024
4,830,900,null,null,FALSE,3,11,2024
4,900,930,null,null,FALSE,3,11,2024
4,930,1000,admin,admin@email.com,TRUE,3,11,2024
4,1000,1030,stanstan50,stanstan50@email.com,TRUE,3,11,2024
4,1030,1100,null,null,FALSE,3,11,2024
4,1100,1130,null,null,FALSE,3,11,2024
4,1130,1200,null,null,FALSE,3,11,2024
4,1200,1230,null,null,FALSE,3,11,2024
4,1230,1300,null,null,FALSE,3,11,2024
4,1300,1330,null,null,FALSE,3,11,2024
4,1330,1400,picachuu,picachuu@email.com,TRUE,3,11,2024
4,1400,1430,admin,admin@email.com,TRUE,3,11,2024
4,1430,1500,null,null,FALSE,3,11,2024
4,1500,1530,null,null,FALSE,3,11,2024
4,1530,1600,null,null,FALSE,3,11,2024
4,1600,1630,stanstan50,stanstan50@email.com,TRUE,3,11,2024
4,1630,1700,admin,admin@email.com,TRUE,3,11,2024
4,1700,1730,null,null,FALSE,3,11,2024
4,1730,1800,null,null,FALSE,3,11,2024
4,1800,1830,null,null,FALSE,3,11,2024
4,1830,1900,null,null,FALSE,3,11,2024
4,1900,1930,null,null,FALSE,3,11,2024
4,1930,2000,null,null,FALSE,3,11,2024
4,2000,2030,stanstan50,stanstan50@email.com,TRUE,3,11,2024
4,2030,2100,picachuu,picachuu@email.com,TRUE,3,11,2024
4,2100,2130,null,null,FALSE,3,11,2024
4,2130,2200,null,null,FALSE,3,11,2024
4,2200,2230,null,null,FALSE,3,11,2024
4,2230,2300,stanstan50,stanstan50@email.com,TRUE,3,11,2024
4,2300,2330,picachuu,picachuu@email.com,TRUE,3,11,2024
4,2330,0,null,null,FALSE,3,11,2024
5,0,30,null,null,FALSE,3,11,2024
5,30,100,stanstan50,stanstan50@email.com,TRUE,3,11,2024
5,100,130,picachuu,picachuu@email.com,TRUE,3,11,2024
5,130,200,null,null,FALSE,3,11,2024
5,200,230,null,null,FALSE,3,11,2024
5,230,300,null,null,FALSE,3,11,2024
5,300,330,picachuu,picachuu@email.com,TRUE,3,11,2024
5,330,400,admin,admin@email.com,TRUE,3,11,2024
5,400,430,null,null,FALSE,3,11,2024
5,430,500,null,null,FALSE,3,11,2024
5,500,530,null,null,FALSE,3,11,2024
5,530,600,null,null,FALSE,3,11,2024
5,600,630,null,null,FALSE,3,11,2024
5,630,700,null,null,FALSE,3,11,2024
5,700,730,picachuu,picachuu@email.com,TRUE,3,11,2024
5,730,800,stanstan50,stanstan50@email.com,TRUE,3,11,2024
5,800,830,null,null,FALSE,3,11,2024
5,830,900,null,null,FALSE,3,11,2024
5,900,930,null,null,FALSE,3,11,2024
5,930,1000,admin,admin@email.com,TRUE,3,11,2024
5,1000,1030,stanstan50,stanstan50@email.com,TRUE,3,11,2024
5,1030,1100,null,null,FALSE,3,11,2024
5,1100,1130,null,null,FALSE,3,11,2024
5,1130,1200,null,null,FALSE,3,11,2024
5,1200,1230,null,null,FALSE,3,11,2024
5,1230,1300,null,null,FALSE,3,11,2024
5,1300,1330,null,null,FALSE,3,11,2024
5,1330,1400,picachuu,picachuu@email.com,TRUE,3,11,2024
5,1400,1430,admin,admin@email.com,TRUE,3,11,2024
5,1430,1500,null,null,FALSE,3,11,2024
5,1500,1530,null,null,FALSE,3,11,2024
5,1530,1600,null,null,FALSE,3,11,2024
5,1600,1630,stanstan50,stanstan50@email.com,TRUE,3,11,2024
5,1630,1700,admin,admin@email.com,TRUE,3,11,2024
5,1700,1730,null,null,FALSE,3,11,2024
5,1730,1800,null,null,FALSE,3,11,2024
5,1800,1830,null,null,FALSE,3,11,2024
5,1830,1900,null,null,FALSE,3,11,2024
5,1900,1930,null,null,FALSE,3,11,2024
5,1930,2000,null,null,FALSE,3,11,2024
5,2000,2030,stanstan50,stanstan50@email.com,TRUE,3,11,2024
5,2030,2100,picachuu,picachuu@email.com,TRUE,3,11,2024
5,2100,2130,null,null,FALSE,3,11,2024
5,2130,2200,null,null,FALSE,3,11,2024
5,2200,2230,null,null,FALSE,3,11,2024
5,2230,2300,stanstan50,stanstan50@email.com,TRUE,3,11,2024
5,2300,2330,picachuu,picachuu@email.com,TRUE,3,11,2024
5,2330,0,null,null,FALSE,3,11,2024
6,0,30,null,null,FALSE,3,11,2024
6,30,100,stanstan50,stanstan50@email.com,TRUE,3,11,2024
6,100,130,picachuu,picachuu@email.com,TRUE,3,11,2024
6,130,200,null,null,FALSE,3,11,2024
6,200,230,null,null,FALSE,3,11,2024
6,230,300,null,null,FALSE,3,11,2024
6,300,330,picachuu,picachuu@email.com,TRUE,3,11,2024
6,330,400,admin,admin@email.com,TRUE,3,11,2024
6,400,430,null,null,FALSE,3,11,2024
6,430,500,null,null,FALSE,3,11,2024
6,500,530,null,null,FALSE,3,11,2024
6,530,600,null,null,FALSE,3,11,2024
6,600,630,null,null,FALSE,3,11,2024
6,630,700,null,null,FALSE,3,11,2024
6,700,730,picachuu,picachuu@email.com,TRUE,3,11,2024
6,730,800,stanstan50,stanstan50@email.com,TRUE,3,11,2024
6,800,830,null,null,FALSE,3,11,2024
6,830,900,null,null,FALSE,3,11,2024
6,900,930,null,null,FALSE,3,11,2024
6,930,1000,admin,admin@email.com,TRUE,3,11,2024
6,1000,1030,stanstan50,stanstan50@email.com,TRUE,3,11,2024
6,1030,1100,null,null,FALSE,3,11,2024
6,1100,1130,null,null,FALSE,3,11,2024
6,1130,1200,null,null,FALSE,3,11,2024
6,1200,1230,null,null,FALSE,3,11,2024
6,1230,1300,null,null,FALSE,3,11,2024
6,1300,1330,null,null,FALSE,3,11,2024
6,1330,1400,picachuu,picachuu@email.com,TRUE,3,11,2024
6,1400,1430,admin,admin@email.com,TRUE,3,11,2024
6,1430,1500,null,null,FALSE,3,11,2024
6,1500,1530,null,null,FALSE,3,11,2024
6,1530,1600,null,null,FALSE,3,11,2024
6,1600,1630,stanstan50,stanstan50@email.com,TRUE,3,11,2024
6,1630,1700,admin,admin@email.com,TRUE,3,11,2024
6,1700,1730,null,null,FALSE,3,11,2024
6,1730,1800,null,null,FALSE,3,11,2024
6,1800,1830,null,null,FALSE,3,11,2024
6,1830,1900,null,null,FALSE,3,11,2024
6,1900,1930,null,null,FALSE,3,11,2024
6,1930,2000,null,null,FALSE,3,11,2024
6,2000,2030,stanstan50,stanstan50@email.com,TRUE,3,11,2024
6,2030,2100,picachuu,picachuu@email.com,TRUE,3,11,2024
6,2100,2130,null,null,FALSE,3,11,2024
6,2130,2200,null,null,FALSE,3,11,2024
6,2200,2230,null,null,FALSE,3,11,2024
6,2230,2300,stanstan50,stanstan50@email.com,TRUE,3,11,2024
6,2300,2330,picachuu,picachuu@email.com,TRUE,3,11,2024
6,2330,0,null,null,FALSE,3,11,2024
7,0,30,null,null,FALSE,3,11,2024
7,30,100,stanstan50,stanstan50@email.com,TRUE,3,11,2024
7,100,130,picachuu,picachuu@email.com,TRUE,3,11,2024
7,130,200,null,null,FALSE,3,11,2024
7,200,230,null,null,FALSE,3,11,2024
7,230,300,null,null,FALSE,3,11,2024
7,300,330,picachuu,picachuu@email.com,TRUE,3,11,2024
7,330,400,admin,admin@email.com,TRUE,3,11,2024
7,400,430,null,null,FALSE,3,11,2024
7,430,500,null,null,FALSE,3,11,2024
7,500,530,null,null,FALSE,3,11,2024
7,530,600,null,null,FALSE,3,11,2024
7,600,630,null,null,FALSE,3,11,2024
7,630,700,null,null,FALSE,3,11,2024
7,700,730,picachuu,picachuu@email.com,TRUE,3,11,2024
7,730,800,stanstan50,stanstan50@email.com,TRUE,3,11,2024
7,800,830,null,null,FALSE,3,11,2024
7,830,900,null,null,FALSE,3,11,2024
7,900,930,null,null,FALSE,3,11,2024
7,930,1000,admin,admin@email.com,TRUE,3,11,2024
7,1000,1030,stanstan50,stanstan50@email.com,TRUE,3,11,2024
7,1030,1100,null,null,FALSE,3,11,2024
7,1100,1130,null,null,FALSE,3,11,2024
7,1130,1200,null,null,FALSE,3,11,2024
7,1200,1230,null,null,FALSE,3,11,2024
7,1230,1300,null,null,FALSE,3,11,2024
7,1300,1330,null,null,FALSE,3,11,2024
7,1330,1400,picachuu,picachuu@email.com,TRUE,3,11,2024
7,1400,1430,admin,admin@email.com,TRUE,3,11,2024
7,1430,1500,null,null,FALSE,3,11,2024
7,1500,1530,null,null,FALSE,3,11,2024
7,1530,1600,null,null,FALSE,3,11,2024
7,1600,1630,stanstan50,stanstan50@email.com,TRUE,3,11,2024
7,1630,1700,admin,admin@email.com,TRUE,3,11,2024
7,1700,1730,null,null,FALSE,3,11,2024
7,1730,1800,null,null,FALSE,3,11,2024
7,1800,1830,null,null,FALSE,3,11,2024
7,1830,1900,null,null,FALSE,3,11,2024
7,1900,1930,null,null,FALSE,3,11,2024
7,1930,2000,null,null,FALSE,3,11,2024
7,2000,2030,stanstan50,stanstan50@email.com,TRUE,3,11,2024
7,2030,2100,picachuu,picachuu@email.com,TRUE,3,11,2024
7,2100,2130,null,null,FALSE,3,11,2024
7,2130,2200,null,null,FALSE,3,11,2024
7,2200,2230,null,null,FALSE,3,11,2024
7,2230,2300,stanstan50,stanstan50@email.com,TRUE,3,11,2024
7,2300,2330,picachuu,picachuu@email.com,TRUE,3,11,2024
7,2330,0,null,null,FALSE,3,11,2024
8,0,30,null,null,FALSE,3,11,2024
8,30,100,stanstan50,stanstan50@email.com,TRUE,3,11,2024
8,100,130,picachuu,picachuu@email.com,TRUE,3,11,2024
8,130,200,null,null,FALSE,3,11,2024
8,200,230,null,null,FALSE,3,11,2024
8,230,300,null,null,FALSE,3,11,2024
8,300,330,picachuu,picachuu@email.com,TRUE,3,11,2024
8,330,400,admin,admin@email.com,TRUE,3,11,2024
8,400,430,null,null,FALSE,3,11,2024
8,430,500,null,null,FALSE,3,11,2024
8,500,530,null,null,FALSE,3,11,2024
8,530,600,null,null,FALSE,3,11,2024
8,600,630,null,null,FALSE,3,11,2024
8,630,700,null,null,FALSE,3,11,2024
8,700,730,picachuu,picachuu@email.com,TRUE,3,11,2024
8,730,800,stanstan50,stanstan50@email.com,TRUE,3,11,2024
8,800,830,null,null,FALSE,3,11,2024
8,830,900,null,null,FALSE,3,11,2024
8,900,930,null,null,FALSE,3,11,2024
8,930,1000,admin,admin@email.com,TRUE,3,11,2024
8,1000,1030,stanstan50,stanstan50@email.com,TRUE,3,11,2024
8,1030,1100,null,null,FALSE,3,11,2024
8,1100,1130,null,null,FALSE,3,11,2024
8,1130,1200,null,null,FALSE,3,11,2024
8,1200,1230,null,null,FALSE,3,11,2024
8,1230,1300,null,null,FALSE,3,11,2024
8,1300,1330,null,null,FALSE,3,11,2024
8,1330,1400,picachuu,picachuu@email.com,TRUE,3,11,2024
8,1400,1430,admin,admin@email.com,TRUE,3,11,2024
8,1430,1500,null,null,FALSE,3,11,2024
8,1500,1530,null,null,FALSE,3,11,2024
8,1530,1600,null,null,FALSE,3,11,2024
8,1600,1630,stanstan50,stanstan50@email.com,TRUE,3,11,2024
8,1630,1700,admin,admin@email.com,TRUE,3,11,2024
8,1700,1730,null,null,FALSE,3,11,2024
8,1730,1800,null,null,FALSE,3,11,2024
8,1800,1830,null,null,FALSE,3,11,2024
8,1830,1900,null,null,FALSE,3,11,2024
8,1900,1930,null,null,FALSE,3,11,2024
8,1930,2000,null,null,FALSE,3,11,2024
8,2000,2030,stanstan50,stanstan50@email.com,TRUE,3,11,2024
8,2030,2100,picachuu,picachuu@email.com,TRUE,3,11,2024
8,2100,2130,null,null,FALSE,3,11,2024
8,2130,2200,null,null,FALSE,3,11,2024
8,2200,2230,null,null,FALSE,3,11,2024
8,2230,2300,stanstan50,stanstan50@email.com,TRUE,3,11,2024
8,2300,2330,picachuu,picachuu@email.com,TRUE,3,11,2024
8,2330,0,null,null,FALSE,3,11,2024
9,0,30,null,null,FALSE,3,11,2024
9,30,100,stanstan50,stanstan50@email.com,TRUE,3,11,2024
9,100,130,picachuu,picachuu@email.com,TRUE,3,11,2024
9,130,200,null,null,FALSE,3,11,2024
9,200,230,null,null,FALSE,3,11,2024
9,230,300,null,null,FALSE,3,11,2024
9,300,330,picachuu,picachuu@email.com,TRUE,3,11,2024
9,330,400,admin,admin@email.com,TRUE,3,11,2024
9,400,430,null,null,FALSE,3,11,2024
9,430,500,null,null,FALSE,3,11,2024
9,500,530,null,null,FALSE,3,11,2024
9,530,600,null,null,FALSE,3,11,2024
9,600,630,null,null,FALSE,3,11,2024
9,630,700,null,null,FALSE,3,11,2024
9,700,730,picachuu,picachuu@email.com,TRUE,3,11,2024
9,730,800,stanstan50,stanstan50@email.com,TRUE,3,11,2024
9,800,830,null,null,FALSE,3,11,2024
9,830,900,null,null,FALSE,3,11,2024
9,900,930,null,null,FALSE,3,11,2024
9,930,1000,admin,admin@email.com,TRUE,3,11,2024
9,1000,1030,stanstan50,stanstan50@email.com,TRUE,3,11,2024
9,1030,1100,null,null,FALSE,3,11,2024
9,1100,1130,null,null,FALSE,3,11,2024
9,1130,1200,null,null,FALSE,3,11,2024
9,1200,1230,null,null,FALSE,3,11,2024
9,1230,1300,null,null,FALSE,3,11,2024
9,1300,1330,null,null,FALSE,3,11,2024
9,1330,1400,picachuu,picachuu@email.com,TRUE,3,11,2024
9,1400,1430,admin,admin@email.com,TRUE,3,11,2024
9,1430,1500,null,null,FALSE,3,11,2024
9,1500,1530,null,null,FALSE,3,11,2024
9,1530,1600,null,null,FALSE,3,11,2024
9,1600,1630,stanstan50,stanstan50@email.com,TRUE,3,11,2024
9,1630,1700,admin,admin@email.com,TRUE,3,11,2024
9,1700,1730,null,null,FALSE,3,11,2024
9,1730,1800,null,null,FALSE,3,11,2024
9,1800,1830,null,null,FALSE,3,11,2024
9,1830,1900,null,null,FALSE,3,11,2024
9,1900,1930,null,null,FALSE,3,11,2024
9,1930,2000,null,null,FALSE,3,11,2024
9,2000,2030,stanstan50,stanstan50@email.com,TRUE,3,11,2024
9,2030,2100,picachuu,picachuu@email.com,TRUE,3,11,2024
9,2100,2130,null,null,FALSE,3,11,2024
9,2130,2200,null,null,FALSE,3,11,2024
9,2200,2230,null,null,FALSE,3,11,2024
9,2230,2300,stanstan50,stanstan50@email.com,TRUE,3,11,2024
9,2300,2330,picachuu,picachuu@email.com,TRUE,3,11,2024
9,2330,0,null,null,FALSE,3,11,2024
10,0,30,null,null,FALSE,3,11,2024
10,30,100,stanstan50,stanstan50@email.com,TRUE,3,11,2024
10,100,130,picachuu,picachuu@email.com,TRUE,3,11,2024
10,130,200,null,null,FALSE,3,11,2024
10,200,230,null,null,FALSE,3,11,2024
10,230,300,null,null,FALSE,3,11,2024
10,300,330,picachuu,picachuu@email.com,TRUE,3,11,2024
10,330,400,admin,admin@email.com,TRUE,3,11,2024
10,400,430,null,null,FALSE,3,11,2024
10,430,500,null,null,FALSE,3,11,2024
10,500,530,null,null,FALSE,3,11,2024
10,530,600,null,null,FALSE,3,11,2024
10,600,630,null,null,FALSE,3,11,2024
10,630,700,null,null,FALSE,3,11,2024
10,700,730,picachuu,picachuu@email.com,TRUE,3,11,2024
10,730,800,stanstan50,stanstan50@email.com,TRUE,3,11,2024
10,800,830,null,null,FALSE,3,11,2024
10,830,900,null,null,FALSE,3,11,2024
10,900,930,null,null,FALSE,3,11,2024
10,930,1000,admin,admin@email.com,TRUE,3,11,2024
10,1000,1030,stanstan50,stanstan50@email.com,TRUE,3,11,2024
10,1030,1100,null,null,FALSE,3,11,2024
10,1100,1130,null,null,FALSE,3,11,2024
10,1130,1200,null,null,FALSE,3,11,2024
10,1200,1230,null,null,FALSE,3,11,2024
10,1230,1300,null,null,FALSE,3,11,2024
10,1300,1330,null,null,FALSE,3,11,2024
10,1330,1400,picachuu,picachuu@email.com,TRUE,3,11,2024
10,1400,1430,admin,admin@email.com,TRUE,3,11,2024
10,1430,1500,null,null,FALSE,3,11,2024
10,1500,1530,null,null,FALSE,3,11,2024
10,1530,1600,null,null,FALSE,3,11,2024
10,1600,1630,stanstan50,stanstan50@email.com,TRUE,3,11,2024
10,1630,1700,admin,admin@email.com,TRUE,3,11,2024
10,1700,1730,null,null,FALSE,3,11,2024
10,1730,1800,null,null,FALSE,3,11,2024
10,1800,1830,null,null,FALSE,3,11,2024
10,1830,1900,null,null,FALSE,3,11,2024
10,1900,1930,null,null,FALSE,3,11,2024
10,1930,2000,null,null,FALSE,3,11,2024
10,2000,2030,stanstan50,stanstan50@email.com,TRUE,3,11,2024
10,2030,2100,picachuu,picachuu@email.com,TRUE,3,11,2024
10,2100,2130,null,null,FALSE,3,11,2024
10,2130,2200,null,null,FALSE,3,11,2024
10,2200,2230,null,null,FALSE,3,11,2024
10,2230,2300,stanstan50,stanstan50@email.com,TRUE,3,11,2024
10,2300,2330,picachuu,picachuu@email.com,TRUE,3,11,2024
10,2330,0,null,null,FALSE,3,11,2024
11,0,30,null,null,FALSE,3,11,2024
11,30,100,stanstan50,stanstan50@email.com,TRUE,3,11,2024
11,100,130,picachuu,picachuu@email.com,TRUE,3,11,2024
11,130,200,null,null,FALSE,3,11,2024
11,200,230,null,null,FALSE,3,11,2024
11,230,300,null,null,FALSE,3,11,2024
11,300,330,picachuu,picachuu@email.com,TRUE,3,11,2024
11,330,400,admin,admin@email.com,TRUE,3,11,2024
11,400,430,null,null,FALSE,3,11,2024
11,430,500,null,null,FALSE,3,11,2024
11,500,530,null,null,FALSE,3,11,2024
11,530,600,null,null,FALSE,3,11,2024
11,600,630,null,null,FALSE,3,11,2024
11,630,700,null,null,FALSE,3,11,2024
11,700,730,picachuu,picachuu@email.com,TRUE,3,11,2024
11,730,800,stanstan50,stanstan50@email.com,TRUE,3,11,2024
11,800,830,null,null,FALSE,3,11,2024
11,830,900,null,null,FALSE,3,11,2024
11,900,930,null,null,FALSE,3,11,2024
11,930,1000,admin,admin@email.com,TRUE,3,11,2024
11,1000,1030,stanstan50,stanstan50@email.com,TRUE,3,11,2024
11,1030,1100,null,null,FALSE,3,11,2024
11,1100,1130,null,null,FALSE,3,11,2024
11,1130,1200,null,null,FALSE,3,11,2024
11,1200,1230,null,null,FALSE,3,11,2024
11,1230,1300,null,null,FALSE,3,11,2024
11,1300,1330,null,null,FALSE,3,11,2024
11,1330,1400,picachuu,picachuu@email.com,TRUE,3,11,2024
11,1400,1430,admin,admin@email.com,TRUE,3,11,2024
11,1430,1500,null,null,FALSE,3,11,2024
11,1500,1530,null,null,FALSE,3,11,2024
11,1530,1600,null,null,FALSE,3,11,2024
11,1600,1630,stanstan50,stanstan50@email.com,TRUE,3,11,2024
11,1630,1700,admin,admin@email.com,TRUE,3,11,2024
11,1700,1730,null,null,FALSE,3,11,2024
11,1730,1800,null,null,FALSE,3,11,2024
11,1800,1830,null,null,FALSE,3,11,2024
11,1830,1900,null,null,FALSE,3,11,2024
11,1900,1930,null,null,FALSE,3,11,2024
11,1930,2000,null,null,FALSE,3,11,2024
11,2000,2030,stanstan50,stanstan50@email.com,TRUE,3,11,2024
11,2030,2100,picachuu,picachuu@email.com,TRUE,3,11,2024
11,2100,2130,null,null,FALSE,3,11,2024
11,2130,2200,null,null,FALSE,3,11,2024
11,2200,2230,null,null,FALSE,3,11,2024
11,2230,2300,stanstan50,stanstan50@email.com,TRUE,3,11,2024
11,2300,2330,picachuu,picachuu@email.com,TRUE,3,11,2024
11,2330,0,null,null,FALSE,3,11,2024
12,0,30,null,null,FALSE,3,11,2024
12,30,100,stanstan50,stanstan50@email.com,TRUE,3,11,2024
12,100,130,picachuu,picachuu@email.com,TRUE,3,11,2024
12,130,200,null,null,FALSE,3,11,2024
12,200,230,null,null,FALSE,3,11,2024
12,230,300,null,null,FALSE,3,11,2024
12,300,330,picachuu,picachuu@email.com,TRUE,3,11,2024
12,330,400,admin,admin@email.com,TRUE,3,11,2024
12,400,430,null,null,FALSE,3,11,2024
12,430,500,null,null,FALSE,3,11,2024
12,500,530,null,null,FALSE,3,11,2024
12,530,600,null,null,FALSE,3,11,2024
12,600,630,null,null,FALSE,3,11,2024
12,630,700,null,null,FALSE,3,11,2024
12,700,730,picachuu,picachuu@email.com,TRUE,3,11,2024
12,730,800,stanstan50,stanstan50@email.com,TRUE,3,11,2024
12,800,830,null,null,FALSE,3,11,2024
12,830,900,null,null,FALSE,3,11,2024
12,900,930,null,null,FALSE,3,11,2024
12,930,1000,admin,admin@email.com,TRUE,3,11,2024
12,1000,1030,stanstan50,stanstan50@email.com,TRUE,3,11,2024
12,1030,1100,null,null,FALSE,3,11,2024
12,1100,1130,null,null,FALSE,3,11,2024
12,1130,1200,null,null,FALSE,3,11,2024
12,1200,1230,null,null,FALSE,3,11,2024
12,1230,1300,null,null,FALSE,3,11,2024
12,1300,1330,null,null,FALSE,3,11,2024
12,1330,1400,picachuu,picachuu@email.com,TRUE,3,11,2024
12,1400,1430,admin,admin@email.com,TRUE,3,11,2024
12,1430,1500,null,null,FALSE,3,11,2024
12,1500,1530,null,null,FALSE,3,11,2024
12,1530,1600,null,null,FALSE,3,11,2024
12,1600,1630,stanstan50,stanstan50@email.com,TRUE,3,11,2024
12,1630,1700,admin,admin@email.com,TRUE,3,11,2024
12,1700,1730,null,null,FALSE,3,11,2024
12,1730,1800,null,null,FALSE,3,11,2024
12,1800,1830,null,null,FALSE,3,11,2024
12,1830,1900,null,null,FALSE,3,11,2024
12,1900,1930,null,null,FALSE,3,11,2024
12,1930,2000,null,null,FALSE,3,11,2024
12,2000,2030,stanstan50,stanstan50@email.com,TRUE,3,11,2024
12,2030,2100,picachuu,picachuu@email.com,TRUE,3,11,2024
12,2100,2130,null,null,FALSE,3,11,2024
12,2130,2200,null,null,FALSE,3,11,2024
12,2200,2230,null,null,FALSE,3,11,2024
12,2230,2300,stanstan50,stanstan50@email.com,TRUE,3,11,2024
12,2300,2330,picachuu,picachuu@email.com,TRUE,3,11,2024
12,2330,0,null,null,FALSE,3,11,2024
13,0,30,null,null,FALSE,3,11,2024
13,30,100,stanstan50,stanstan50@email.com,TRUE,3,11,2024
13,100,130,picachuu,picachuu@email.com,TRUE,3,11,2024
13,130,200,null,null,FALSE,3,11,2024
13,200,230,null,null,FALSE,3,11,2024
13,230,300,null,null,FALSE,3,11,2024
13,300,330,picachuu,picachuu@email.com,TRUE,3,11,2024
13,330,400,admin,admin@email.com,TRUE,3,11,2024
13,400,430,null,null,FALSE,3,11,2024
13,430,500,null,null,FALSE,3,11,2024
13,500,530,null,null,FALSE,3,11,2024
13,530,600,null,null,FALSE,3,11,2024
13,600,630,null,null,FALSE,3,11,2024
13,630,700,null,null,FALSE,3,11,2024
13,700,730,picachuu,picachuu@email.com,TRUE,3,11,2024
13,730,800,stanstan50,stanstan50@email.com,TRUE,3,11,2024
13,800,830,null,null,FALSE,3,11,2024
13,830,900,null,null,FALSE,3,11,2024
13,900,930,null,null,FALSE,3,11,2024
13,930,1000,admin,admin@email.com,TRUE,3,11,2024
13,1000,1030,stanstan50,stanstan50@email.com,TRUE,3,11,2024
13,1030,1100,null,null,FALSE,3,11,2024
13,1100,1130,null,null,FALSE,3,11,2024
13,1130,1200,null,null,FALSE,3,11,2024
13,1200,1230,null,null,FALSE,3,11,2024
13,1230,1300,null,null,FALSE,3,11,2024
13,1300,1330,null,null,FALSE,3,11,2024
13,1330,1400,picachuu,picachuu@email.com,TRUE,3,11,2024
13,1400,1430,admin,admin@email.com,TRUE,3,11,2024
13,1430,1500,null,null,FALSE,3,11,2024
13,1500,1530,null,null,FALSE,3,11,2024
13,1530,1600,null,null,FALSE,3,11,2024
13,1600,1630,stanstan50,stanstan50@email.com,TRUE,3,11,2024
13,1630,1700,admin,admin@email.com,TRUE,3,11,2024
13,1700,1730,null,null,FALSE,3,11,2024
13,1730,1800,null,null,FALSE,3,11,2024
13,1800,1830,null,null,FALSE,3,11,2024
13,1830,1900,null,null,FALSE,3,11,2024
13,1900,1930,null,null,FALSE,3,11,2024
13,1930,2000,null,null,FALSE,3,11,2024
13,2000,2030,stanstan50,stanstan50@email.com,TRUE,3,11,2024
13,2030,2100,picachuu,picachuu@email.com,TRUE,3,11,2024
13,2100,2130,null,null,FALSE,3,11,2024
13,2130,2200,null,null,FALSE,3,11,2024
13,2200,2230,null,null,FALSE,3,11,2024
13,2230,2300,stanstan50,stanstan50@email.com,TRUE,3,11,2024
13,2300,2330,picachuu,picachuu@email.com,TRUE,3,11,2024
13,2330,0,null,null,FALSE,3,11,2024
14,0,30,null,null,FALSE,3,11,2024
14,30,100,stanstan50,stanstan50@email.com,TRUE,3,11,2024
14,100,130,picachuu,picachuu@email.com,TRUE,3,11,2024
14,130,200,null,null,FALSE,3,11,2024
14,200,230,null,null,FALSE,3,11,2024
14,230,300,null,null,FALSE,3,11,2024
14,300,330,picachuu,picachuu@email.com,TRUE,3,11,2024
14,330,400,admin,admin@email.com,TRUE,3,11,2024
14,400,430,null,null,FALSE,3,11,2024
14,430,500,null,null,FALSE,3,11,2024
14,500,530,null,null,FALSE,3,11,2024
14,530,600,null,null,FALSE,3,11,2024
14,600,630,null,null,FALSE,3,11,2024
14,630,700,null,null,FALSE,3,11,2024
14,700,730,picachuu,picachuu@email.com,TRUE,3,11,2024
14,730,800,stanstan50,stanstan50@email.com,TRUE,3,11,2024
14,800,830,null,null,FALSE,3,11,2024
14,830,900,null,null,FALSE,3,11,2024
14,900,930,null,null,FALSE,3,11,2024
14,930,1000,admin,admin@email.com,TRUE,3,11,2024
14,1000,1030,stanstan50,stanstan50@email.com,TRUE,3,11,2024
14,1030,1100,null,null,FALSE,3,11,2024
14,1100,1130,null,null,FALSE,3,11,2024
14,1130,1200,null,null,FALSE,3,11,2024
14,1200,1230,null,null,FALSE,3,11,2024
14,1230,1300,null,null,FALSE,3,11,2024
14,1300,1330,null,null,FALSE,3,11,2024
14,1330,1400,picachuu,picachuu@email.com,TRUE,3,11,2024
14,1400,1430,admin,admin@email.com,TRUE,3,11,2024
14,1430,1500,null,null,FALSE,3,11,2024
14,1500,1530,null,null,FALSE,3,11,2024
14,1530,1600,null,null,FALSE,3,11,2024
14,1600,1630,stanstan50,stanstan50@email.com,TRUE,3,11,2024
14,1630,1700,admin,admin@email.com,TRUE,3,11,2024
14,1700,1730,null,null,FALSE,3,11,2024
14,1730,1800,null,null,FALSE,3,11,2024
14,1800,1830,null,null,FALSE,3,11,2024
14,1830,1900,null,null,FALSE,3,11,2024
14,1900,1930,null,null,FALSE,3,11,2024
14,1930,2000,null,null,FALSE,3,11,2024
14,2000,2030,stanstan50,stanstan50@email.com,TRUE,3,11,2024
14,2030,2100,picachuu,picachuu@email.com,TRUE,3,11,2024
14,2100,2130,null,null,FALSE,3,11,2024
14,2130,2200,null,null,FALSE,3,11,2024
14,2200,2230,null,null,FALSE,3,11,2024
14,2230,2300,stanstan50,stanstan50@email.com,TRUE,3,11,2024
14,2300,2330,picachuu,picachuu@email.com,TRUE,3,11,2024
14,2330,0,null,null,FALSE,3,11,2024
15,0,30,null,null,FALSE,3,11,2024
15,30,100,stanstan50,stanstan50@email.com,TRUE,3,11,2024
15,100,130,picachuu,picachuu@email.com,TRUE,3,11,2024
15,130,200,null,null,FALSE,3,11,2024
15,200,230,null,null,FALSE,3,11,2024
15,230,300,null,null,FALSE,3,11,2024
15,300,330,picachuu,picachuu@email.com,TRUE,3,11,2024
15,330,400,admin,admin@email.com,TRUE,3,11,2024
15,400,430,null,null,FALSE,3,11,2024
15,430,500,null,null,FALSE,3,11,2024
15,500,530,null,null,FALSE,3,11,2024
15,530,600,null,null,FALSE,3,11,2024
15,600,630,null,null,FALSE,3,11,2024
15,630,700,null,null,FALSE,3,11,2024
15,700,730,picachuu,picachuu@email.com,TRUE,3,11,2024
15,730,800,stanstan50,stanstan50@email.com,TRUE,3,11,2024
15,800,830,null,null,FALSE,3,11,2024
15,830,900,null,null,FALSE,3,11,2024
15,900,930,null,null,FALSE,3,11,2024
15,930,1000,admin,admin@email.com,TRUE,3,11,2024
15,1000,1030,stanstan50,stanstan50@email.com,TRUE,3,11,2024
15,1030,1100,null,null,FALSE,3,11,2024
15,1100,1130,null,null,FALSE,3,11,2024
15,1130,1200,null,null,FALSE,3,11,2024
15,1200,1230,null,null,FALSE,3,11,2024
15,1230,1300,null,null,FALSE,3,11,2024
15,1300,1330,null,null,FALSE,3,11,2024
15,1330,1400,picachuu,picachuu@email.com,TRUE,3,11,2024
15,1400,1430,admin,admin@email.com,TRUE,3,11,2024
15,1430,1500,null,null,FALSE,3,11,2024
15,1500,1530,null,null,FALSE,3,11,2024
15,1530,1600,null,null,FALSE,3,11,2024
15,1600,1630,stanstan50,stanstan50@email.com,TRUE,3,11,2024
15,1630,1700,admin,admin@email.com,TRUE,3,11,2024
15,1700,1730,null,null,FALSE,3,11,2024
15,1730,1800,null,null,FALSE,3,11,2024
15,1800,1830,null,null,FALSE,3,11,2024
15,1830,1900,null,null,FALSE,3,11,2024
15,1900,1930,null,null,FALSE,3,11,2024
15,1930,2000,null,null,FALSE,3,11,2024
15,2000,2030,stanstan50,stanstan50@email.com,TRUE,3,11,2024
15,2030,2100,picachuu,picachuu@email.com,TRUE,3,11,2024
15,2100,2130,null,null,FALSE,3,11,2024
15,2130,2200,null,null,FALSE,3,11,2024
15,2200,2230,null,null,FALSE,3,11,2024
15,2230,2300,stanstan50,stanstan50@email.com,TRUE,3,11,2024
15,2300,2330,picachuu,picachuu@email.com,TRUE,3,11,2024
15,2330,0,null,null,FALSE,3,11,2024